{"v":"5.7.8","fr":24,"ip":0,"op":19,"w":160,"h":160,"nm":"end","ddd":0,"assets":[],"fonts":{"list":[{"fName":"GmarketSansBold","fFamily":"Gmarket Sans","fStyle":"Bold","ascent":84.063720703125}]},"layers":[{"ddd":0,"ind":1,"ty":4,"nm":"레이어 17 Outlines","parent":5,"sr":1,"ks":{"o":{"a":0,"k":100,"ix":11},"r":{"a":0,"k":0,"ix":10},"p":{"a":0,"k":[80,80,0],"ix":2,"l":2},"a":{"a":0,"k":[80,80,0],"ix":1,"l":2},"s":{"a":0,"k":[98.524,98.524,100],"ix":6,"l":2}},"ao":0,"shapes":[{"ty":"gr","it":[{"ind":0,"ty":"sh","ix":1,"ks":{"a":0,"k":{"i":[[-1.023,0],[0,0],[-0.593,-0.821],[0,0],[0,0],[0,0]],"o":[[0,0],[1.012,0],[0,0],[0,0],[0,0],[0.59,-0.836]],"v":[[-16.969,-10.864],[16.65,-10.864],[19.205,-9.557],[33.94,10.864],[-33.94,10.864],[-19.542,-9.531]],"c":true},"ix":2},"nm":"Path 1","mn":"ADBE Vector Shape - Group","hd":false},{"ty":"fl","c":{"a":0,"k":[0.530825326957,0.898288801605,0.997065046722,1],"ix":4},"o":{"a":0,"k":100,"ix":5},"r":1,"bm":0,"nm":"Fill 1","mn":"ADBE Vector Graphic - Fill","hd":false},{"ty":"tr","p":{"a":0,"k":[80.99,103.538],"ix":2},"a":{"a":0,"k":[0,0],"ix":1},"s":{"a":0,"k":[100,100],"ix":3},"r":{"a":0,"k":0,"ix":6},"o":{"a":0,"k":100,"ix":7},"sk":{"a":0,"k":0,"ix":4},"sa":{"a":0,"k":0,"ix":5},"nm":"Transform"}],"nm":"Group 1","np":4,"cix":2,"bm":0,"ix":1,"mn":"ADBE Vector Group","hd":false}],"ip":0,"op":720,"st":0,"bm":0},{"ddd":0,"ind":2,"ty":4,"nm":"레이어 18 Outlines","parent":5,"sr":1,"ks":{"o":{"a":0,"k":100,"ix":11},"r":{"a":0,"k":0,"ix":10},"p":{"a":0,"k":[80,80,0],"ix":2,"l":2},"a":{"a":0,"k":[80,80,0],"ix":1,"l":2},"s":{"a":0,"k":[98.524,98.524,100],"ix":6,"l":2}},"ao":0,"shapes":[{"ty":"gr","it":[{"ind":0,"ty":"sh","ix":1,"ks":{"a":0,"k":{"i":[[0,0],[0,0],[0,0],[0,0],[0,0],[1.74,0],[0,0],[0,1.74]],"o":[[0,0],[0,0],[0,0],[0,0],[0,1.74],[0,0],[-1.74,0],[0,0]],"v":[[-34.125,-21.525],[-16.859,0],[17.206,0],[34.125,-21.525],[34.125,18.375],[30.975,21.525],[-30.975,21.525],[-34.125,18.375]],"c":true},"ix":2},"nm":"Path 1","mn":"ADBE Vector Shape - Group","hd":false},{"ty":"fl","c":{"a":0,"k":[0.32628440109,0.835198256549,0.969907932655,1],"ix":4},"o":{"a":0,"k":100,"ix":5},"r":1,"bm":0,"nm":"Fill 1","mn":"ADBE Vector Graphic - Fill","hd":false},{"ty":"tr","p":{"a":0,"k":[80.125,92.675],"ix":2},"a":{"a":0,"k":[0,0],"ix":1},"s":{"a":0,"k":[100,100],"ix":3},"r":{"a":0,"k":0,"ix":6},"o":{"a":0,"k":100,"ix":7},"sk":{"a":0,"k":0,"ix":4},"sa":{"a":0,"k":0,"ix":5},"nm":"Transform"}],"nm":"Group 1","np":4,"cix":2,"bm":0,"ix":1,"mn":"ADBE Vector Group","hd":false}],"ip":0,"op":720,"st":0,"bm":0},{"ddd":0,"ind":3,"ty":5,"nm":"message ","parent":4,"sr":1,"ks":{"o":{"a":0,"k":100,"ix":11},"r":{"a":0,"k":7.812,"ix":10},"p":{"a":0,"k":[59.851,76.432,0],"ix":2,"l":2},"a":{"a":0,"k":[0,0,0],"ix":1,"l":2},"s":{"a":0,"k":[101.498,101.498,100],"ix":6,"l":2}},"ao":0,"t":{"d":{"k":[{"s":{"s":8,"f":"GmarketSansBold","t":"message","ca":0,"j":0,"tr":0,"lh":9.6,"ls":0,"fc":[0.698,0.698,0.698]},"t":0}]},"p":{},"m":{"g":1,"a":{"a":0,"k":[0,0],"ix":2}},"a":[]},"ip":0,"op":720,"st":0,"bm":0},{"ddd":0,"ind":4,"ty":4,"nm":"레이어 21 Outlines","parent":5,"sr":1,"ks":{"o":{"a":0,"k":100,"ix":11},"r":{"a":1,"k":[{"i":{"x":[0.833],"y":[0.833]},"o":{"x":[0.167],"y":[0.167]},"t":0,"s":[-9]},{"t":13.0908203125,"s":[0]}],"ix":10},"p":{"a":1,"k":[{"i":{"x":0.41,"y":1},"o":{"x":0.33,"y":0},"t":0,"s":[80,93.054,0],"to":[0,-1.888,0],"ti":[0,1.888,0]},{"t":13.0908203125,"s":[80,81.724,0]}],"ix":2,"l":2},"a":{"a":0,"k":[80,80,0],"ix":1,"l":2},"s":{"a":1,"k":[{"i":{"x":[0.41,0.41,0.41],"y":[1,1,1]},"o":{"x":[0.33,0.33,0.33],"y":[0,0,0]},"t":0,"s":[49.262,49.262,100]},{"t":5.2353515625,"s":[98.524,98.524,100]}],"ix":6,"l":2}},"ao":0,"shapes":[{"ty":"gr","it":[{"ind":0,"ty":"sh","ix":1,"ks":{"a":0,"k":{"i":[[-1.814,-0.285],[0,0],[-0.286,1.814],[0,0],[1.814,0.286],[0,0],[0.286,-1.814],[0,0]],"o":[[0,0],[-1.814,-0.285],[0,0],[-0.286,1.814],[0,0],[1.814,0.286],[0,0],[0.286,-1.815]],"v":[[25.562,19.17],[30.217,-10.382],[27.451,-14.184],[-21.758,-21.938],[-25.562,-19.171],[-30.217,10.382],[-27.451,14.184],[21.758,21.938]],"c":true},"ix":2},"nm":"Path 1","mn":"ADBE Vector Shape - Group","hd":false},{"ty":"fl","c":{"a":0,"k":[1,0.999998922909,1,1],"ix":4},"o":{"a":0,"k":100,"ix":5},"r":1,"bm":0,"nm":"Fill 1","mn":"ADBE Vector Graphic - Fill","hd":false},{"ty":"tr","p":{"a":0,"k":[80,80],"ix":2},"a":{"a":0,"k":[0,0],"ix":1},"s":{"a":0,"k":[100,100],"ix":3},"r":{"a":0,"k":0,"ix":6},"o":{"a":0,"k":100,"ix":7},"sk":{"a":0,"k":0,"ix":4},"sa":{"a":0,"k":0,"ix":5},"nm":"Transform"}],"nm":"Group 1","np":4,"cix":2,"bm":0,"ix":1,"mn":"ADBE Vector Group","hd":false}],"ip":0,"op":720,"st":0,"bm":0},{"ddd":0,"ind":5,"ty":4,"nm":"레이어 19 Outlines","sr":1,"ks":{"o":{"a":0,"k":100,"ix":11},"r":{"a":0,"k":0,"ix":10},"p":{"a":0,"k":[80,80,0],"ix":2,"l":2},"a":{"a":0,"k":[80,80,0],"ix":1,"l":2},"s":{"a":1,"k":[{"i":{"x":[0.41,0.41,0.41],"y":[1,1,1]},"o":{"x":[0.33,0.33,0.33],"y":[0,0,0]},"t":0,"s":[50,50,100]},{"t":5.2353515625,"s":[100,100,100]}],"ix":6,"l":2}},"ao":0,"shapes":[{"ty":"gr","it":[{"ind":0,"ty":"sh","ix":1,"ks":{"a":0,"k":{"i":[[-0.898,0.58],[0,0],[-1.734,-1.121],[0,0],[0,-1.069],[0,0],[1.74,0],[0,0],[0,1.74],[0,0]],"o":[[0,0],[1.734,-1.121],[0,0],[0.899,0.58],[0,0],[0,1.74],[0,0],[-1.739,0],[0,0],[0,-1.069]],"v":[[-32.685,-12.621],[-2.85,-31.899],[2.849,-31.899],[32.684,-12.621],[34.125,-9.975],[34.125,29.869],[30.974,33.02],[-30.976,33.02],[-34.125,29.869],[-34.125,-9.975]],"c":true},"ix":2},"nm":"Path 1","mn":"ADBE Vector Shape - Group","hd":false},{"ty":"fl","c":{"a":0,"k":[0.375101904776,0.875914450253,0.774854592716,1],"ix":4},"o":{"a":0,"k":100,"ix":5},"r":1,"bm":0,"nm":"Fill 1","mn":"ADBE Vector Graphic - Fill","hd":false},{"ty":"tr","p":{"a":0,"k":[80.125,81.181],"ix":2},"a":{"a":0,"k":[0,0],"ix":1},"s":{"a":0,"k":[100,100],"ix":3},"r":{"a":0,"k":0,"ix":6},"o":{"a":0,"k":100,"ix":7},"sk":{"a":0,"k":0,"ix":4},"sa":{"a":0,"k":0,"ix":5},"nm":"Transform"}],"nm":"Group 1","np":4,"cix":2,"bm":0,"ix":1,"mn":"ADBE Vector Group","hd":false}],"ip":0,"op":720,"st":0,"bm":0},{"ddd":0,"ind":6,"ty":3,"nm":"Null 1","sr":1,"ks":{"o":{"a":0,"k":0,"ix":11},"r":{"a":0,"k":0,"ix":10},"p":{"a":0,"k":[80,80,0],"ix":2,"l":2},"a":{"a":0,"k":[0,0,0],"ix":1,"l":2},"s":{"a":1,"k":[{"i":{"x":[0.41,0.41,0.41],"y":[1,1,1]},"o":{"x":[0.33,0.33,0.33],"y":[0,0,0]},"t":0,"s":[50,50,100]},{"t":13.0908203125,"s":[100,100,100]}],"ix":6,"l":2}},"ao":0,"ip":0,"op":720,"st":0,"bm":0},{"ddd":0,"ind":7,"ty":4,"nm":"레이어 3 Outlines","parent":6,"sr":1,"ks":{"o":{"a":0,"k":100,"ix":11},"r":{"a":0,"k":0,"ix":10},"p":{"a":0,"k":[0,0,0],"ix":2,"l":2},"a":{"a":0,"k":[80,80,0],"ix":1,"l":2},"s":{"a":1,"k":[{"i":{"x":[0.41,0.41,0.41],"y":[1,1,1]},"o":{"x":[0.33,0.33,0.33],"y":[0,0,0]},"t":13.091,"s":[100,100,100]},{"t":16,"s":[0,0,100]}],"ix":6,"l":2}},"ao":0,"shapes":[{"ty":"gr","it":[{"ind":0,"ty":"sh","ix":1,"ks":{"a":0,"k":{"i":[[-0.553,0],[0,-0.552],[0.553,0],[0,0.552]],"o":[[0.553,0],[0,0.552],[-0.553,0],[0,-0.552]],"v":[[0,-1],[1,0],[0,1],[-1,0]],"c":true},"ix":2},"nm":"Path 1","mn":"ADBE Vector Shape - Group","hd":false},{"ty":"fl","c":{"a":0,"k":[0.992288327685,0.927343211455,0.824089140051,1],"ix":4},"o":{"a":0,"k":100,"ix":5},"r":1,"bm":0,"nm":"Fill 1","mn":"ADBE Vector Graphic - Fill","hd":false},{"ty":"tr","p":{"a":0,"k":[114,56],"ix":2},"a":{"a":0,"k":[0,0],"ix":1},"s":{"a":0,"k":[100,100],"ix":3},"r":{"a":0,"k":0,"ix":6},"o":{"a":0,"k":100,"ix":7},"sk":{"a":0,"k":0,"ix":4},"sa":{"a":0,"k":0,"ix":5},"nm":"Transform"}],"nm":"Group 1","np":4,"cix":2,"bm":0,"ix":1,"mn":"ADBE Vector Group","hd":false}],"ip":0,"op":720,"st":0,"bm":0},{"ddd":0,"ind":8,"ty":4,"nm":"레이어 4 Outlines","parent":6,"sr":1,"ks":{"o":{"a":0,"k":100,"ix":11},"r":{"a":0,"k":0,"ix":10},"p":{"a":0,"k":[0,0,0],"ix":2,"l":2},"a":{"a":0,"k":[80,80,0],"ix":1,"l":2},"s":{"a":1,"k":[{"i":{"x":[0.41,0.41,0.41],"y":[1,1,1]},"o":{"x":[0.33,0.33,0.33],"y":[0,0,0]},"t":13.091,"s":[100,100,100]},{"t":16,"s":[0,0,100]}],"ix":6,"l":2}},"ao":0,"shapes":[{"ty":"gr","it":[{"ind":0,"ty":"sh","ix":1,"ks":{"a":0,"k":{"i":[[-0.829,0],[0,-0.828],[0.829,0],[0,0.829]],"o":[[0.829,0],[0,0.829],[-0.829,0],[0,-0.828]],"v":[[0,-1.5],[1.5,0],[0,1.5],[-1.5,0]],"c":true},"ix":2},"nm":"Path 1","mn":"ADBE Vector Shape - Group","hd":false},{"ty":"fl","c":{"a":0,"k":[0.653044936236,0.74434485342,0.99189453125,1],"ix":4},"o":{"a":0,"k":100,"ix":5},"r":1,"bm":0,"nm":"Fill 1","mn":"ADBE Vector Graphic - Fill","hd":false},{"ty":"tr","p":{"a":0,"k":[29.5,62.273],"ix":2},"a":{"a":0,"k":[0,0],"ix":1},"s":{"a":0,"k":[100,100],"ix":3},"r":{"a":0,"k":0,"ix":6},"o":{"a":0,"k":100,"ix":7},"sk":{"a":0,"k":0,"ix":4},"sa":{"a":0,"k":0,"ix":5},"nm":"Transform"}],"nm":"Group 1","np":4,"cix":2,"bm":0,"ix":1,"mn":"ADBE Vector Group","hd":false}],"ip":0,"op":720,"st":0,"bm":0},{"ddd":0,"ind":9,"ty":4,"nm":"레이어 5 Outlines","parent":6,"sr":1,"ks":{"o":{"a":0,"k":100,"ix":11},"r":{"a":0,"k":0,"ix":10},"p":{"a":0,"k":[0,0,0],"ix":2,"l":2},"a":{"a":0,"k":[80,80,0],"ix":1,"l":2},"s":{"a":1,"k":[{"i":{"x":[0.41,0.41,0.41],"y":[1,1,1]},"o":{"x":[0.33,0.33,0.33],"y":[0,0,0]},"t":13.091,"s":[100,100,100]},{"t":16,"s":[0,0,100]}],"ix":6,"l":2}},"ao":0,"shapes":[{"ty":"gr","it":[{"ind":0,"ty":"sh","ix":1,"ks":{"a":0,"k":{"i":[[0.725,0.833],[-1.25,1.087],[-0.724,-0.833],[1.25,-1.087]],"o":[[-0.726,-0.833],[1.251,-1.086],[0.726,0.834],[-1.251,1.087]],"v":[[-2.264,1.968],[-1.313,-1.51],[2.263,-1.969],[1.312,1.509]],"c":true},"ix":2},"nm":"Path 1","mn":"ADBE Vector Shape - Group","hd":false},{"ty":"fl","c":{"a":0,"k":[0.572765514897,0.800822119619,0.813828711416,1],"ix":4},"o":{"a":0,"k":100,"ix":5},"r":1,"bm":0,"nm":"Fill 1","mn":"ADBE Vector Graphic - Fill","hd":false},{"ty":"tr","p":{"a":0,"k":[149,37],"ix":2},"a":{"a":0,"k":[0,0],"ix":1},"s":{"a":0,"k":[100,100],"ix":3},"r":{"a":0,"k":0,"ix":6},"o":{"a":0,"k":100,"ix":7},"sk":{"a":0,"k":0,"ix":4},"sa":{"a":0,"k":0,"ix":5},"nm":"Transform"}],"nm":"Group 1","np":4,"cix":2,"bm":0,"ix":1,"mn":"ADBE Vector Group","hd":false}],"ip":0,"op":720,"st":0,"bm":0},{"ddd":0,"ind":10,"ty":4,"nm":"레이어 6 Outlines","parent":6,"sr":1,"ks":{"o":{"a":0,"k":100,"ix":11},"r":{"a":0,"k":0,"ix":10},"p":{"a":0,"k":[0,0,0],"ix":2,"l":2},"a":{"a":0,"k":[80,80,0],"ix":1,"l":2},"s":{"a":1,"k":[{"i":{"x":[0.41,0.41,0.41],"y":[1,1,1]},"o":{"x":[0.33,0.33,0.33],"y":[0,0,0]},"t":13.091,"s":[100,100,100]},{"t":16,"s":[0,0,100]}],"ix":6,"l":2}},"ao":0,"shapes":[{"ty":"gr","it":[{"ind":0,"ty":"sh","ix":1,"ks":{"a":0,"k":{"i":[[0.725,0.833],[-1.25,1.087],[-0.724,-0.834],[1.251,-1.087]],"o":[[-0.725,-0.834],[1.251,-1.086],[0.725,0.833],[-1.25,1.087]],"v":[[-2.264,1.969],[-1.312,-1.509],[2.264,-1.968],[1.312,1.51]],"c":true},"ix":2},"nm":"Path 1","mn":"ADBE Vector Shape - Group","hd":false},{"ty":"fl","c":{"a":0,"k":[0.572765514897,0.800822119619,0.813828711416,1],"ix":4},"o":{"a":0,"k":100,"ix":5},"r":1,"bm":0,"nm":"Fill 1","mn":"ADBE Vector Graphic - Fill","hd":false},{"ty":"tr","p":{"a":0,"k":[37,122.774],"ix":2},"a":{"a":0,"k":[0,0],"ix":1},"s":{"a":0,"k":[100,100],"ix":3},"r":{"a":0,"k":0,"ix":6},"o":{"a":0,"k":100,"ix":7},"sk":{"a":0,"k":0,"ix":4},"sa":{"a":0,"k":0,"ix":5},"nm":"Transform"}],"nm":"Group 1","np":4,"cix":2,"bm":0,"ix":1,"mn":"ADBE Vector Group","hd":false}],"ip":0,"op":720,"st":0,"bm":0},{"ddd":0,"ind":11,"ty":4,"nm":"레이어 7 Outlines","parent":6,"sr":1,"ks":{"o":{"a":0,"k":100,"ix":11},"r":{"a":0,"k":0,"ix":10},"p":{"a":0,"k":[0,0,0],"ix":2,"l":2},"a":{"a":0,"k":[80,80,0],"ix":1,"l":2},"s":{"a":1,"k":[{"i":{"x":[0.41,0.41,0.41],"y":[1,1,1]},"o":{"x":[0.33,0.33,0.33],"y":[0,0,0]},"t":13.091,"s":[100,100,100]},{"t":16,"s":[0,0,100]}],"ix":6,"l":2}},"ao":0,"shapes":[{"ty":"gr","it":[{"ind":0,"ty":"sh","ix":1,"ks":{"a":0,"k":{"i":[[-0.34,-0.436],[0.653,-0.51],[0.34,0.435],[-0.653,0.511]],"o":[[0.341,0.435],[-0.653,0.51],[-0.341,-0.436],[0.652,-0.51]],"v":[[1.182,-0.923],[0.616,0.788],[-1.182,0.924],[-0.616,-0.788]],"c":true},"ix":2},"nm":"Path 1","mn":"ADBE Vector Shape - Group","hd":false},{"ty":"fl","c":{"a":0,"k":[0.982769895067,0.776419426413,0.430879510618,1],"ix":4},"o":{"a":0,"k":100,"ix":5},"r":1,"bm":0,"nm":"Fill 1","mn":"ADBE Vector Graphic - Fill","hd":false},{"ty":"tr","p":{"a":0,"k":[115,122.274],"ix":2},"a":{"a":0,"k":[0,0],"ix":1},"s":{"a":0,"k":[100,100],"ix":3},"r":{"a":0,"k":0,"ix":6},"o":{"a":0,"k":100,"ix":7},"sk":{"a":0,"k":0,"ix":4},"sa":{"a":0,"k":0,"ix":5},"nm":"Transform"}],"nm":"Group 1","np":4,"cix":2,"bm":0,"ix":1,"mn":"ADBE Vector Group","hd":false}],"ip":0,"op":720,"st":0,"bm":0},{"ddd":0,"ind":12,"ty":4,"nm":"레이어 8 Outlines","parent":6,"sr":1,"ks":{"o":{"a":0,"k":100,"ix":11},"r":{"a":0,"k":0,"ix":10},"p":{"a":0,"k":[0,0,0],"ix":2,"l":2},"a":{"a":0,"k":[80,80,0],"ix":1,"l":2},"s":{"a":1,"k":[{"i":{"x":[0.41,0.41,0.41],"y":[1,1,1]},"o":{"x":[0.33,0.33,0.33],"y":[0,0,0]},"t":13.091,"s":[100,100,100]},{"t":16,"s":[0,0,100]}],"ix":6,"l":2}},"ao":0,"shapes":[{"ty":"gr","it":[{"ind":0,"ty":"sh","ix":1,"ks":{"a":0,"k":{"i":[[-0.575,0.596],[-0.993,-0.959],[0.575,-0.597],[0.993,0.959]],"o":[[0.576,-0.596],[0.993,0.959],[-0.577,0.595],[-0.993,-0.959]],"v":[[-1.799,-1.737],[1.042,-1.08],[1.799,1.737],[-1.042,1.078]],"c":true},"ix":2},"nm":"Path 1","mn":"ADBE Vector Shape - Group","hd":false},{"ty":"fl","c":{"a":0,"k":[0.982769895067,0.776419426413,0.430879510618,1],"ix":4},"o":{"a":0,"k":100,"ix":5},"r":1,"bm":0,"nm":"Fill 1","mn":"ADBE Vector Graphic - Fill","hd":false},{"ty":"tr","p":{"a":0,"k":[128.5,121.274],"ix":2},"a":{"a":0,"k":[0,0],"ix":1},"s":{"a":0,"k":[100,100],"ix":3},"r":{"a":0,"k":0,"ix":6},"o":{"a":0,"k":100,"ix":7},"sk":{"a":0,"k":0,"ix":4},"sa":{"a":0,"k":0,"ix":5},"nm":"Transform"}],"nm":"Group 1","np":4,"cix":2,"bm":0,"ix":1,"mn":"ADBE Vector Group","hd":false}],"ip":0,"op":720,"st":0,"bm":0},{"ddd":0,"ind":13,"ty":4,"nm":"레이어 9 Outlines","parent":6,"sr":1,"ks":{"o":{"a":0,"k":100,"ix":11},"r":{"a":0,"k":0,"ix":10},"p":{"a":0,"k":[0,0,0],"ix":2,"l":2},"a":{"a":0,"k":[80,80,0],"ix":1,"l":2},"s":{"a":1,"k":[{"i":{"x":[0.41,0.41,0.41],"y":[1,1,1]},"o":{"x":[0.33,0.33,0.33],"y":[0,0,0]},"t":13.091,"s":[100,100,100]},{"t":16,"s":[0,0,100]}],"ix":6,"l":2}},"ao":0,"shapes":[{"ty":"gr","it":[{"ind":0,"ty":"sh","ix":1,"ks":{"a":0,"k":{"i":[[-0.384,0.397],[-0.596,-0.576],[0.384,-0.397],[0.596,0.575]],"o":[[0.384,-0.397],[0.596,0.575],[-0.384,0.397],[-0.595,-0.575]],"v":[[-1.079,-1.042],[0.695,-0.719],[1.079,1.042],[-0.695,0.72]],"c":true},"ix":2},"nm":"Path 1","mn":"ADBE Vector Shape - Group","hd":false},{"ty":"fl","c":{"a":0,"k":[0.653044936236,0.74434485342,0.99189453125,1],"ix":4},"o":{"a":0,"k":100,"ix":5},"r":1,"bm":0,"nm":"Fill 1","mn":"ADBE Vector Graphic - Fill","hd":false},{"ty":"tr","p":{"a":0,"k":[49,124.274],"ix":2},"a":{"a":0,"k":[0,0],"ix":1},"s":{"a":0,"k":[100,100],"ix":3},"r":{"a":0,"k":0,"ix":6},"o":{"a":0,"k":100,"ix":7},"sk":{"a":0,"k":0,"ix":4},"sa":{"a":0,"k":0,"ix":5},"nm":"Transform"}],"nm":"Group 1","np":4,"cix":2,"bm":0,"ix":1,"mn":"ADBE Vector Group","hd":false}],"ip":0,"op":720,"st":0,"bm":0},{"ddd":0,"ind":14,"ty":4,"nm":"레이어 10 Outlines","parent":6,"sr":1,"ks":{"o":{"a":0,"k":100,"ix":11},"r":{"a":0,"k":0,"ix":10},"p":{"a":0,"k":[0,0,0],"ix":2,"l":2},"a":{"a":0,"k":[80,80,0],"ix":1,"l":2},"s":{"a":1,"k":[{"i":{"x":[0.41,0.41,0.41],"y":[1,1,1]},"o":{"x":[0.33,0.33,0.33],"y":[0,0,0]},"t":13.091,"s":[100,100,100]},{"t":16,"s":[0,0,100]}],"ix":6,"l":2}},"ao":0,"shapes":[{"ty":"gr","it":[{"ind":0,"ty":"sh","ix":1,"ks":{"a":0,"k":{"i":[[-0.575,0.596],[-0.793,-0.767],[0.576,-0.595],[0.795,0.767]],"o":[[0.575,-0.596],[0.795,0.768],[-0.575,0.597],[-0.793,-0.767]],"v":[[-1.439,-1.389],[1.042,-1.079],[1.439,1.389],[-1.043,1.079]],"c":true},"ix":2},"nm":"Path 1","mn":"ADBE Vector Shape - Group","hd":false},{"ty":"fl","c":{"a":0,"k":[0.653044936236,0.74434485342,0.99189453125,1],"ix":4},"o":{"a":0,"k":100,"ix":5},"r":1,"bm":0,"nm":"Fill 1","mn":"ADBE Vector Graphic - Fill","hd":false},{"ty":"tr","p":{"a":0,"k":[121.48,41],"ix":2},"a":{"a":0,"k":[0,0],"ix":1},"s":{"a":0,"k":[100,100],"ix":3},"r":{"a":0,"k":0,"ix":6},"o":{"a":0,"k":100,"ix":7},"sk":{"a":0,"k":0,"ix":4},"sa":{"a":0,"k":0,"ix":5},"nm":"Transform"}],"nm":"Group 1","np":4,"cix":2,"bm":0,"ix":1,"mn":"ADBE Vector Group","hd":false}],"ip":0,"op":720,"st":0,"bm":0},{"ddd":0,"ind":15,"ty":4,"nm":"레이어 11 Outlines","parent":6,"sr":1,"ks":{"o":{"a":0,"k":100,"ix":11},"r":{"a":0,"k":0,"ix":10},"p":{"a":0,"k":[0,0,0],"ix":2,"l":2},"a":{"a":0,"k":[80,80,0],"ix":1,"l":2},"s":{"a":1,"k":[{"i":{"x":[0.41,0.41,0.41],"y":[1,1,1]},"o":{"x":[0.33,0.33,0.33],"y":[0,0,0]},"t":13.091,"s":[100,100,100]},{"t":16,"s":[0,0,100]}],"ix":6,"l":2}},"ao":0,"shapes":[{"ty":"gr","it":[{"ind":0,"ty":"sh","ix":1,"ks":{"a":0,"k":{"i":[[-0.575,0.596],[-1.192,-1.151],[0.576,-0.596],[1.192,1.151]],"o":[[0.576,-0.596],[1.192,1.151],[-0.575,0.596],[-1.192,-1.151]],"v":[[-2.158,-2.084],[1.042,-1.079],[2.158,2.084],[-1.042,1.079]],"c":true},"ix":2},"nm":"Path 1","mn":"ADBE Vector Shape - Group","hd":false},{"ty":"fl","c":{"a":0,"k":[0.982769895067,0.776419426413,0.430879510618,1],"ix":4},"o":{"a":0,"k":100,"ix":5},"r":1,"bm":0,"nm":"Fill 1","mn":"ADBE Vector Graphic - Fill","hd":false},{"ty":"tr","p":{"a":0,"k":[15.5,63.774],"ix":2},"a":{"a":0,"k":[0,0],"ix":1},"s":{"a":0,"k":[100,100],"ix":3},"r":{"a":0,"k":0,"ix":6},"o":{"a":0,"k":100,"ix":7},"sk":{"a":0,"k":0,"ix":4},"sa":{"a":0,"k":0,"ix":5},"nm":"Transform"}],"nm":"Group 1","np":4,"cix":2,"bm":0,"ix":1,"mn":"ADBE Vector Group","hd":false}],"ip":0,"op":720,"st":0,"bm":0},{"ddd":0,"ind":16,"ty":4,"nm":"레이어 12 Outlines","parent":6,"sr":1,"ks":{"o":{"a":0,"k":100,"ix":11},"r":{"a":0,"k":0,"ix":10},"p":{"a":0,"k":[0,0,0],"ix":2,"l":2},"a":{"a":0,"k":[80,80,0],"ix":1,"l":2},"s":{"a":1,"k":[{"i":{"x":[0.41,0.41,0.41],"y":[1,1,1]},"o":{"x":[0.33,0.33,0.33],"y":[0,0,0]},"t":13.091,"s":[100,100,100]},{"t":16,"s":[0,0,100]}],"ix":6,"l":2}},"ao":0,"shapes":[{"ty":"gr","it":[{"ind":0,"ty":"sh","ix":1,"ks":{"a":0,"k":{"i":[[-0.441,0.332],[-0.665,-0.882],[0.441,-0.332],[0.665,0.882]],"o":[[0.44,-0.333],[0.665,0.882],[-0.441,0.333],[-0.664,-0.882]],"v":[[-1.204,-1.597],[0.799,-0.602],[1.204,1.597],[-0.799,0.602]],"c":true},"ix":2},"nm":"Path 1","mn":"ADBE Vector Shape - Group","hd":false},{"ty":"fl","c":{"a":0,"k":[0.982769895067,0.776419426413,0.430879510618,1],"ix":4},"o":{"a":0,"k":100,"ix":5},"r":1,"bm":0,"nm":"Fill 1","mn":"ADBE Vector Graphic - Fill","hd":false},{"ty":"tr","p":{"a":0,"k":[122.981,56],"ix":2},"a":{"a":0,"k":[0,0],"ix":1},"s":{"a":0,"k":[100,100],"ix":3},"r":{"a":0,"k":0,"ix":6},"o":{"a":0,"k":100,"ix":7},"sk":{"a":0,"k":0,"ix":4},"sa":{"a":0,"k":0,"ix":5},"nm":"Transform"}],"nm":"Group 1","np":4,"cix":2,"bm":0,"ix":1,"mn":"ADBE Vector Group","hd":false}],"ip":0,"op":720,"st":0,"bm":0},{"ddd":0,"ind":17,"ty":4,"nm":"레이어 13 Outlines","parent":6,"sr":1,"ks":{"o":{"a":0,"k":100,"ix":11},"r":{"a":0,"k":0,"ix":10},"p":{"a":0,"k":[0,0,0],"ix":2,"l":2},"a":{"a":0,"k":[80,80,0],"ix":1,"l":2},"s":{"a":1,"k":[{"i":{"x":[0.41,0.41,0.41],"y":[1,1,1]},"o":{"x":[0.33,0.33,0.33],"y":[0,0,0]},"t":13.091,"s":[100,100,100]},{"t":16,"s":[0,0,100]}],"ix":6,"l":2}},"ao":0,"shapes":[{"ty":"gr","it":[{"ind":0,"ty":"sh","ix":1,"ks":{"a":0,"k":{"i":[[-1.103,0.831],[-0.997,-1.323],[1.103,-0.831],[0.997,1.324]],"o":[[1.103,-0.831],[0.997,1.323],[-1.103,0.831],[-0.997,-1.323]],"v":[[-1.805,-2.396],[1.997,-1.505],[1.805,2.396],[-1.997,1.504]],"c":true},"ix":2},"nm":"Path 1","mn":"ADBE Vector Shape - Group","hd":false},{"ty":"fl","c":{"a":0,"k":[0.982769895067,0.776419426413,0.430879510618,1],"ix":4},"o":{"a":0,"k":100,"ix":5},"r":1,"bm":0,"nm":"Fill 1","mn":"ADBE Vector Graphic - Fill","hd":false},{"ty":"tr","p":{"a":0,"k":[11.5,41.774],"ix":2},"a":{"a":0,"k":[0,0],"ix":1},"s":{"a":0,"k":[100,100],"ix":3},"r":{"a":0,"k":0,"ix":6},"o":{"a":0,"k":100,"ix":7},"sk":{"a":0,"k":0,"ix":4},"sa":{"a":0,"k":0,"ix":5},"nm":"Transform"}],"nm":"Group 1","np":4,"cix":2,"bm":0,"ix":1,"mn":"ADBE Vector Group","hd":false}],"ip":0,"op":720,"st":0,"bm":0}],"markers":[],"chars":[{"ch":"m","size":8,"style":"Bold","w":103.6,"data":{"shapes":[{"ty":"gr","it":[{"ind":0,"ty":"sh","ix":1,"ks":{"a":0,"k":{"i":[[0,0],[0,0],[0,0],[-5.841,0],[0,-8.963],[0,0],[0,0],[0,0],[-5.841,0],[0,-8.963],[0,0],[0,0],[0,0],[13.596,0],[4.431,-5.64],[7.452,0],[3.525,-4.733],[0,0],[0,0]],"o":[[0,0],[0,0],[0.302,-8.359],[6.546,0],[0,0],[0,0],[0,0],[0.302,-8.359],[6.546,0],[0,0],[0,0],[0,0],[0,-16.415],[-8.963,0],[-3.928,-5.438],[-6.546,0],[0,0],[0,0],[0,0]],"v":[[6.747,9.064],[24.673,9.064],[24.673,-22.961],[33.939,-35.953],[43.909,-22.055],[43.909,9.064],[61.835,9.064],[61.835,-22.961],[71.1,-35.953],[81.07,-22.055],[81.07,9.064],[98.996,9.064],[98.996,-25.076],[76.337,-51.361],[56.699,-42.902],[39.175,-51.361],[24.673,-44.312],[24.673,-49.951],[6.747,-49.951]],"c":true},"ix":2},"nm":"m","mn":"ADBE Vector Shape - Group","hd":false}],"nm":"m","np":3,"cix":2,"bm":0,"ix":1,"mn":"ADBE Vector Group","hd":false}]},"fFamily":"Gmarket Sans"},{"ch":"e","size":8,"style":"Bold","w":68.5,"data":{"shapes":[{"ty":"gr","it":[{"ind":0,"ty":"sh","ix":1,"ks":{"a":0,"k":{"i":[[-18.027,0],[-3.021,11.279],[0,0],[5.136,0],[1.41,6.848],[0,0],[0,1.712],[18.027,0],[0,-17.926]],"o":[[14.301,0],[0,0],[-1.511,2.82],[-6.747,0],[0,0],[0.302,-2.115],[0,-18.027],[-18.027,0],[0,18.027]],"v":[[34.442,10.474],[63.345,-8.56],[45.319,-8.56],[34.442,-3.928],[21.552,-14.703],[64.755,-14.703],[65.158,-20.444],[34.442,-51.361],[3.726,-20.444]],"c":true},"ix":2},"nm":"e","mn":"ADBE Vector Shape - Group","hd":false},{"ind":1,"ty":"sh","ix":2,"ks":{"a":0,"k":{"i":[[0,0],[-7.05,0],[-1.511,-7.05]],"o":[[1.511,-7.05],[7.05,0],[0,0]],"v":[[21.451,-26.285],[34.442,-37.161],[47.635,-26.285]],"c":true},"ix":2},"nm":"e","mn":"ADBE Vector Shape - Group","hd":false}],"nm":"e","np":5,"cix":2,"bm":0,"ix":1,"mn":"ADBE Vector Group","hd":false}]},"fFamily":"Gmarket Sans"},{"ch":"s","size":8,"style":"Bold","w":62.8,"data":{"shapes":[{"ty":"gr","it":[{"ind":0,"ty":"sh","ix":1,"ks":{"a":0,"k":{"i":[[14.703,0],[0,-11.481],[-14.099,-2.115],[0,-2.82],[5.74,0],[0.604,3.827],[0,0],[-15.408,0],[0,12.085],[17.422,2.618],[0,2.921],[-5.438,0],[-0.604,-3.625],[0,0]],"o":[[-15.005,0],[0,11.984],[10.172,1.511],[0,2.719],[-5.64,0],[0,0],[0.604,12.387],[15.005,0],[0,-10.172],[-10.071,-1.611],[0,-2.618],[5.237,0],[0,0],[-0.705,-11.682]],"v":[[31.421,-51.361],[4.431,-32.629],[27.795,-14.2],[41.995,-8.057],[32.025,-3.223],[21.35,-9.567],[4.028,-9.567],[31.723,10.474],[59.418,-9.064],[35.751,-27.594],[21.753,-33.536],[31.119,-38.068],[41.089,-32.227],[58.411,-32.227]],"c":true},"ix":2},"nm":"s","mn":"ADBE Vector Shape - Group","hd":false}],"nm":"s","np":3,"cix":2,"bm":0,"ix":1,"mn":"ADBE Vector Group","hd":false}]},"fFamily":"Gmarket Sans"},{"ch":"a","size":8,"style":"Bold","w":73.5,"data":{"shapes":[{"ty":"gr","it":[{"ind":0,"ty":"sh","ix":1,"ks":{"a":0,"k":{"i":[[-16.919,0],[-3.525,4.733],[0,0],[0,0],[0,0],[0,0],[0,0],[7.755,0],[0,-17.926]],"o":[[7.755,0],[0,0],[0,0],[0,0],[0,0],[0,0],[-3.525,-4.733],[-16.919,0],[0,17.926]],"v":[[32.428,10.474],[49.347,3.021],[49.347,9.064],[67.273,9.064],[67.273,-49.951],[49.347,-49.951],[49.347,-43.909],[32.428,-51.361],[3.726,-20.444]],"c":true},"ix":2},"nm":"a","mn":"ADBE Vector Shape - Group","hd":false},{"ind":1,"ty":"sh","ix":2,"ks":{"a":0,"k":{"i":[[8.762,0],[0,9.064],[-8.56,0],[0,-9.064]],"o":[[-8.56,0],[0,-9.064],[8.762,0],[0,9.064]],"v":[[35.248,-4.834],[21.249,-20.444],[35.248,-36.053],[49.649,-20.444]],"c":true},"ix":2},"nm":"a","mn":"ADBE Vector Shape - Group","hd":false}],"nm":"a","np":5,"cix":2,"bm":0,"ix":1,"mn":"ADBE Vector Group","hd":false}]},"fFamily":"Gmarket Sans"},{"ch":"g","size":8,"style":"Bold","w":73.5,"data":{"shapes":[{"ty":"gr","it":[{"ind":0,"ty":"sh","ix":1,"ks":{"a":0,"k":{"i":[[-17.523,0],[0,16.013],[0,0],[0,0],[0,0],[7.755,0],[0,-17.624],[-16.919,0],[-3.525,4.733],[0,0],[7.452,0],[0.906,3.827],[0,0]],"o":[[17.624,0],[0,0],[0,0],[0,0],[-3.525,-4.733],[-16.919,0],[0,17.322],[7.755,0],[0,0],[0,7.352],[-6.647,0],[0,0],[1.913,11.38]],"v":[[36.859,35.046],[67.273,7.956],[67.273,-49.951],[49.347,-49.951],[49.347,-43.909],[32.428,-51.361],[3.726,-20.947],[32.428,8.963],[49.347,1.511],[49.347,7.755],[36.859,19.94],[25.882,13.696],[7.755,13.696]],"c":true},"ix":2},"nm":"g","mn":"ADBE Vector Shape - Group","hd":false},{"ind":1,"ty":"sh","ix":2,"ks":{"a":0,"k":{"i":[[8.762,0],[0,8.762],[-8.56,0],[0,-8.762]],"o":[[-8.56,0],[0,-8.762],[8.762,0],[0,8.762]],"v":[[35.248,-5.841],[21.249,-20.947],[35.248,-36.053],[49.649,-20.947]],"c":true},"ix":2},"nm":"g","mn":"ADBE Vector Shape - Group","hd":false}],"nm":"g","np":5,"cix":2,"bm":0,"ix":1,"mn":"ADBE Vector Group","hd":false}]},"fFamily":"Gmarket Sans"}]}