{"v":"4.10.2","fr":30,"ip":0,"op":90,"w":173,"h":173,"nm":"simcard  to cart 2","ddd":0,"assets":[],"layers":[{"ddd":0,"ind":1,"ty":4,"nm":"hand","sr":1,"ks":{"o":{"a":0,"k":100,"ix":11},"r":{"a":0,"k":0,"ix":10},"p":{"a":1,"k":[{"i":{"x":0.833,"y":1},"o":{"x":0.333,"y":0},"n":"0p833_1_0p333_0","t":12,"s":[77.767,216.091,0],"e":[77.767,156.091,0],"to":[0,-10,0],"ti":[0,10,0]},{"i":{"x":0.815,"y":0.815},"o":{"x":0.297,"y":0.297},"n":"0p815_0p815_0p297_0p297","t":27,"s":[77.767,156.091,0],"e":[77.767,156.091,0],"to":[0,0,0],"ti":[0,0,0]},{"i":{"x":0.667,"y":1},"o":{"x":0.167,"y":0},"n":"0p667_1_0p167_0","t":60,"s":[77.767,156.091,0],"e":[77.767,216.091,0],"to":[0,10,0],"ti":[0,-10,0]},{"t":75}],"ix":2},"a":{"a":0,"k":[17.075,20.175,0],"ix":1},"s":{"a":0,"k":[171.139,171.139,100],"ix":6}},"ao":0,"shapes":[{"ty":"gr","it":[{"ind":0,"ty":"sh","ix":1,"ks":{"a":0,"k":{"i":[[0,0],[0.75,-0.75],[0.05,-0.25],[0,0],[0,0],[0,0],[0.199,0.75],[1.05,0.8],[0.651,1.299],[0,0],[0,0],[0.851,2.3],[-0.349,0.349],[-0.3,-0.099],[-1.3,-1.449],[0,0],[0,0],[0,0],[0,0],[-0.351,0.35],[-0.651,0],[-0.3,-0.25],[0,-0.3],[0,0],[0,0],[0,0],[0,0],[-0.101,-0.15],[0,0],[0,0],[0,0],[0,0],[-0.2,-0.3],[0,0],[0,0],[0,0],[-0.049,-0.25],[0,0]],"o":[[0,1.45],[-1.299,1.3],[0,0],[0,0],[0,0],[-0.099,-0.55],[-0.601,-2.401],[-1.45,-1.1],[0,0],[0,0],[0,-0.05],[-0.099,-0.301],[0.651,-0.6],[0.75,0.601],[0,0],[0,0],[0,0],[0,0],[0,-0.2],[0.25,-0.3],[0.549,0],[0.4,0.45],[0,0],[0,0],[0,0],[0,0],[2.25,0.25],[0,0],[0,0],[0,0],[0,0],[2.099,0.2],[0,0],[0,0],[0,0],[2.15,0.3],[0,0],[0,0]],"v":[[14.151,5.4],[12.799,10.35],[10.651,14.4],[10.599,14.549],[10.599,17.45],[-3.701,17.45],[-4.099,15.45],[-6.549,10.7],[-10.701,4.75],[-10.799,4.6],[-10.901,4.45],[-14.201,-0.4],[-13.951,-1.3],[-11.75,-1.951],[-7.401,2.549],[-5.25,4.95],[-5.25,-15.7],[-5.25,-15.75],[-5.25,-15.8],[-4.849,-17],[-3.5,-17.45],[-2.25,-17.05],[-1.799,-15.5],[-1.799,-10.15],[-1.799,-2.55],[0.651,-2.55],[0.651,-8.85],[3.651,-7.5],[3.75,-7.25],[3.75,-2.55],[6.201,-2.55],[6.201,-6.7],[9.299,-5.55],[9.299,-0.8],[11.75,-0.8],[11.75,-4.45],[14.299,-2.75],[14.299,5.4]],"c":true},"ix":2},"nm":"Path 1","mn":"ADBE Vector Shape - Group","hd":false},{"ty":"fl","c":{"a":0,"k":[1,1,1,1],"ix":4},"o":{"a":0,"k":100,"ix":5},"r":1,"nm":"Fill 1","mn":"ADBE Vector Graphic - Fill","hd":false},{"ty":"tr","p":{"a":0,"k":[17.204,20.1],"ix":2},"a":{"a":0,"k":[0,0],"ix":1},"s":{"a":0,"k":[100,100],"ix":3},"r":{"a":0,"k":0,"ix":6},"o":{"a":0,"k":100,"ix":7},"sk":{"a":0,"k":0,"ix":4},"sa":{"a":0,"k":0,"ix":5},"nm":"Transform"}],"nm":"Group 1","np":2,"cix":2,"ix":1,"mn":"ADBE Vector Group","hd":false},{"ty":"gr","it":[{"ind":0,"ty":"sh","ix":1,"ks":{"a":0,"k":{"i":[[0,0],[0.75,-0.75],[0.05,-0.25],[0,0],[0,0],[0,0],[0.2,0.75],[1.05,0.8],[0.651,1.299],[0,0],[0,0],[0.851,2.3],[-0.349,0.349],[-0.3,-0.099],[-1.301,-1.449],[0,0],[0,0],[0,0],[0,0],[-0.351,0.35],[-0.65,0],[-0.3,-0.25],[0,-0.3],[0,0],[0,0],[0,0],[0,0],[-0.101,-0.15],[0,0],[0,0],[0,0],[0,0],[-0.199,-0.3],[0,0],[0,0],[0,0],[-0.049,-0.25],[0,0]],"o":[[0,1.45],[-1.299,1.3],[0,0],[0,0],[0,0],[-0.099,-0.55],[-0.601,-2.401],[-1.45,-1.1],[0,0],[0,0],[0,-0.05],[-0.099,-0.301],[0.651,-0.6],[0.75,0.601],[0,0],[0,0],[0,0],[0,0],[0,-0.2],[0.25,-0.3],[0.549,0],[0.4,0.45],[0,0],[0,0],[0,0],[0,0],[2.25,0.25],[0,0],[0,0],[0,0],[0,0],[2.099,0.2],[0,0],[0,0],[0,0],[2.15,0.3],[0,0],[0,0]],"v":[[14.375,5.325],[13.024,10.275],[10.875,14.325],[10.825,14.474],[10.825,17.375],[-3.476,17.375],[-3.875,15.375],[-6.325,10.625],[-10.476,4.675],[-10.575,4.525],[-10.675,4.375],[-13.976,-0.475],[-13.726,-1.375],[-11.525,-2.026],[-7.175,2.474],[-5.025,4.875],[-5.025,-15.775],[-5.025,-15.825],[-5.025,-15.875],[-4.625,-17.075],[-3.275,-17.525],[-2.025,-17.125],[-1.575,-15.575],[-1.575,-10.225],[-1.575,-2.625],[0.875,-2.625],[0.875,-8.925],[3.875,-7.575],[3.975,-7.325],[3.975,-2.625],[6.425,-2.625],[6.425,-6.775],[9.524,-5.625],[9.524,-0.875],[11.975,-0.875],[11.975,-4.525],[14.524,-2.825],[14.524,5.325]],"c":true},"ix":2},"nm":"Path 1","mn":"ADBE Vector Shape - Group","hd":false},{"ind":1,"ty":"sh","ix":2,"ks":{"a":0,"k":{"i":[[0,0],[0.9,1],[1.95,0.15],[0.4,0.3],[2.199,0.05],[0.399,0.3],[1.55,0.15],[0,0],[1.15,1.2],[1.599,0],[0.551,-0.55],[0,-0.35],[0,0],[0.6,0.4],[1.349,-1],[-0.5,-1.4],[-0.55,-0.6],[-2,-1.5],[-0.2,-2.101],[0,0],[0,0],[0,0],[-0.651,0.7],[0,1.2],[0,0]],"o":[[0,-0.2],[-0.95,-1.1],[-0.2,-0.3],[-1.1,-0.85],[-0.2,-0.25],[-1,-0.7],[0,0],[0,-0.4],[-0.5,-0.55],[-1.651,0],[-1.049,1.15],[0,0],[-0.951,-1],[-1.25,-0.95],[-1.3,0.95],[0.9,2.5],[0.5,0.949],[1.05,0.8],[0,0],[0,0],[0,0],[0.25,-0.699],[1.55,-1.55],[0,0],[0,0]],"v":[[16.825,-2.975],[15.825,-5.175],[11.425,-7.025],[10.575,-7.925],[5.575,-9.275],[4.625,-10.125],[0.825,-11.375],[0.825,-15.425],[-0.275,-18.725],[-3.325,-19.925],[-6.476,-18.725],[-7.525,-15.725],[-7.525,-1.425],[-10.125,-3.925],[-15.075,-3.375],[-16.325,0.425],[-12.625,6.025],[-7.875,12.625],[-5.825,18.825],[-5.726,19.925],[13.175,19.925],[13.175,14.974],[14.675,12.075],[16.725,5.425],[16.725,-2.925]],"c":true},"ix":2},"nm":"Path 2","mn":"ADBE Vector Shape - Group","hd":false},{"ty":"mm","mm":1,"nm":"Merge Paths 1","mn":"ADBE Vector Filter - Merge","hd":false},{"ty":"fl","c":{"a":0,"k":[0,0,0,1],"ix":4},"o":{"a":0,"k":100,"ix":5},"r":1,"nm":"Fill 1","mn":"ADBE Vector Graphic - Fill","hd":false},{"ty":"tr","p":{"a":0,"k":[17.075,20.175],"ix":2},"a":{"a":0,"k":[0,0],"ix":1},"s":{"a":0,"k":[100,100],"ix":3},"r":{"a":0,"k":0,"ix":6},"o":{"a":0,"k":100,"ix":7},"sk":{"a":0,"k":0,"ix":4},"sa":{"a":0,"k":0,"ix":5},"nm":"Transform"}],"nm":"Group 2","np":4,"cix":2,"ix":2,"mn":"ADBE Vector Group","hd":false}],"ip":0,"op":90,"st":0,"bm":0},{"ddd":0,"ind":2,"ty":4,"nm":"Layer 4 Outlines","sr":1,"ks":{"o":{"a":0,"k":100,"ix":11},"r":{"a":0,"k":0,"ix":10},"p":{"a":0,"k":[85.608,94.898,0],"ix":2},"a":{"a":0,"k":[16.503,16.503,0],"ix":1},"s":{"a":0,"k":[171.139,171.139,100],"ix":6}},"ao":0,"shapes":[{"ty":"gr","it":[{"ind":0,"ty":"sh","ix":1,"ks":{"a":0,"k":{"i":[[0,0]],"o":[[0,0]],"v":[[-58.645,30.586]],"c":false},"ix":2},"nm":"Path 1","mn":"ADBE Vector Shape - Group","hd":false},{"ty":"st","c":{"a":0,"k":[0.757000014361,0.757000014361,0.757000014361,1],"ix":3},"o":{"a":0,"k":100,"ix":4},"w":{"a":0,"k":3,"ix":5},"lc":1,"lj":1,"ml":4,"nm":"Stroke 1","mn":"ADBE Vector Graphic - Stroke","hd":false},{"ty":"fl","c":{"a":0,"k":[1,1,1,1],"ix":4},"o":{"a":0,"k":100,"ix":5},"r":1,"nm":"Fill 1","mn":"ADBE Vector Graphic - Fill","hd":false},{"ty":"tr","p":{"a":0,"k":[0,0],"ix":2},"a":{"a":0,"k":[0,0],"ix":1},"s":{"a":0,"k":[100,100],"ix":3},"r":{"a":0,"k":0,"ix":6},"o":{"a":0,"k":100,"ix":7},"sk":{"a":0,"k":0,"ix":4},"sa":{"a":0,"k":0,"ix":5},"nm":"Transform"}],"nm":"Shape 1","np":3,"cix":2,"ix":1,"mn":"ADBE Vector Group","hd":false},{"ty":"gr","it":[{"ind":0,"ty":"sh","ix":1,"ks":{"a":0,"k":{"i":[[0,0],[0,0]],"o":[[0,0],[0,0]],"v":[[21.014,30.005],[21.014,3]],"c":false},"ix":2},"nm":"Path 1","mn":"ADBE Vector Shape - Group","hd":false},{"ty":"st","c":{"a":1,"k":[{"i":{"x":[0.667],"y":[1]},"o":{"x":[0.333],"y":[0]},"n":["0p667_1_0p333_0"],"t":24,"s":[0.757000014361,0.757000014361,0.757000014361,1],"e":[1,0.745098039216,0,1]},{"i":{"x":[0.667],"y":[1]},"o":{"x":[0.167],"y":[0]},"n":["0p667_1_0p167_0"],"t":36,"s":[1,0.745098039216,0,1],"e":[1,0.745098039216,0,1]},{"i":{"x":[0.667],"y":[1]},"o":{"x":[0.333],"y":[0]},"n":["0p667_1_0p333_0"],"t":63,"s":[1,0.745098039216,0,1],"e":[0.757000014361,0.757000014361,0.757000014361,1]},{"t":75}],"ix":3},"o":{"a":0,"k":100,"ix":4},"w":{"a":0,"k":3,"ix":5},"lc":2,"lj":2,"nm":"Stroke 1","mn":"ADBE Vector Graphic - Stroke","hd":false},{"ty":"tr","p":{"a":1,"k":[{"i":{"x":0.667,"y":1},"o":{"x":0.333,"y":0},"n":"0p667_1_0p333_0","t":24,"s":[0,0],"e":[-4.5,0],"to":[-0.75,0],"ti":[0.75,0]},{"i":{"x":0.667,"y":0.667},"o":{"x":0.167,"y":0.167},"n":"0p667_0p667_0p167_0p167","t":36,"s":[-4.5,0],"e":[-4.5,0],"to":[0,0],"ti":[0,0]},{"i":{"x":0.667,"y":1},"o":{"x":0.333,"y":0},"n":"0p667_1_0p333_0","t":63,"s":[-4.5,0],"e":[0,0],"to":[0.75,0],"ti":[-0.75,0]},{"t":75}],"ix":2},"a":{"a":0,"k":[0,0],"ix":1},"s":{"a":0,"k":[100,100],"ix":3},"r":{"a":0,"k":0,"ix":6},"o":{"a":0,"k":100,"ix":7},"sk":{"a":0,"k":0,"ix":4},"sa":{"a":0,"k":0,"ix":5},"nm":"Transform"}],"nm":"|","np":2,"cix":2,"ix":2,"mn":"ADBE Vector Group","hd":false},{"ty":"gr","it":[{"ind":0,"ty":"sh","ix":1,"ks":{"a":1,"k":[{"i":{"x":0.667,"y":1},"o":{"x":0.333,"y":0},"n":"0p667_1_0p333_0","t":24,"s":[{"i":[[0,0],[0,0]],"o":[[0,0],[0,0]],"v":[[19.327,42.006],[10.56,42.006]],"c":false}],"e":[{"i":[[0,0],[0,0]],"o":[[0,0],[0,0]],"v":[[31.296,21.032],[4.259,21.032]],"c":true}]},{"i":{"x":0.667,"y":1},"o":{"x":0.167,"y":0},"n":"0p667_1_0p167_0","t":36,"s":[{"i":[[0,0],[0,0]],"o":[[0,0],[0,0]],"v":[[31.296,21.032],[4.259,21.032]],"c":true}],"e":[{"i":[[0,0],[0,0]],"o":[[0,0],[0,0]],"v":[[31.296,21.032],[4.259,21.032]],"c":true}]},{"i":{"x":0.667,"y":1},"o":{"x":0.333,"y":0},"n":"0p667_1_0p333_0","t":63,"s":[{"i":[[0,0],[0,0]],"o":[[0,0],[0,0]],"v":[[31.296,21.032],[4.259,21.032]],"c":true}],"e":[{"i":[[0,0],[0,0]],"o":[[0,0],[0,0]],"v":[[19.306,42.006],[10.56,42.006]],"c":false}]},{"t":75}],"ix":2},"nm":"Path 1","mn":"ADBE Vector Shape - Group","hd":false},{"ty":"st","c":{"a":1,"k":[{"i":{"x":[0.667],"y":[1]},"o":{"x":[0.333],"y":[0]},"n":["0p667_1_0p333_0"],"t":24,"s":[0.757000014361,0.757000014361,0.757000014361,1],"e":[1,0.745098039216,0,1]},{"i":{"x":[0.667],"y":[1]},"o":{"x":[0.167],"y":[0]},"n":["0p667_1_0p167_0"],"t":36,"s":[1,0.745098039216,0,1],"e":[1,0.745098039216,0,1]},{"i":{"x":[0.667],"y":[1]},"o":{"x":[0.333],"y":[0]},"n":["0p667_1_0p333_0"],"t":63,"s":[1,0.745098039216,0,1],"e":[0.757000014361,0.757000014361,0.757000014361,1]},{"t":75}],"ix":3},"o":{"a":0,"k":100,"ix":4},"w":{"a":0,"k":3,"ix":5},"lc":2,"lj":2,"nm":"Stroke 1","mn":"ADBE Vector Graphic - Stroke","hd":false},{"ty":"tr","p":{"a":1,"k":[{"i":{"x":0.667,"y":1},"o":{"x":0.333,"y":0},"n":"0p667_1_0p333_0","t":24,"s":[0,0],"e":[6.281,16.469],"to":[1.046875,2.74479174613953],"ti":[-1.046875,-2.74479174613953]},{"i":{"x":0.667,"y":0.667},"o":{"x":0.167,"y":0.167},"n":"0p667_0p667_0p167_0p167","t":36,"s":[6.281,16.469],"e":[6.281,16.469],"to":[0,0],"ti":[0,0]},{"i":{"x":0.667,"y":1},"o":{"x":0.333,"y":0},"n":"0p667_1_0p333_0","t":63,"s":[6.281,16.469],"e":[0,0],"to":[-1.046875,-2.74479174613953],"ti":[1.046875,2.74479174613953]},{"t":75}],"ix":2},"a":{"a":0,"k":[7.531,20.969],"ix":1},"s":{"a":0,"k":[100,100],"ix":3},"r":{"a":0,"k":0,"ix":6},"o":{"a":0,"k":100,"ix":7},"sk":{"a":0,"k":0,"ix":4},"sa":{"a":0,"k":0,"ix":5},"nm":"Transform"}],"nm":"ــــــ","np":2,"cix":2,"ix":3,"mn":"ADBE Vector Group","hd":false},{"ty":"gr","it":[{"ind":0,"ty":"sh","ix":1,"ks":{"a":0,"k":{"i":[[0,0],[0,0],[0,-2.209],[0,0]],"o":[[0,0],[2.209,0],[0,0],[0,0]],"v":[[-4.499,-8.99],[0.499,-8.99],[4.499,-4.99],[4.499,8.99]],"c":false},"ix":2},"nm":"Path 1","mn":"ADBE Vector Shape - Group","hd":false},{"ty":"tm","s":{"a":1,"k":[{"i":{"x":[0.667],"y":[1]},"o":{"x":[0.333],"y":[0]},"n":["0p667_1_0p333_0"],"t":24,"s":[0],"e":[100]},{"i":{"x":[0.667],"y":[1]},"o":{"x":[0.167],"y":[0]},"n":["0p667_1_0p167_0"],"t":36,"s":[100],"e":[100]},{"i":{"x":[0.667],"y":[1]},"o":{"x":[0.333],"y":[0]},"n":["0p667_1_0p333_0"],"t":63,"s":[100],"e":[0]},{"t":75}],"ix":1},"e":{"a":0,"k":100,"ix":2},"o":{"a":0,"k":0,"ix":3},"m":1,"ix":2,"nm":"Trim Paths 1","mn":"ADBE Vector Filter - Trim","hd":false},{"ty":"st","c":{"a":0,"k":[0.757000014361,0.757000014361,0.757000014361,1],"ix":3},"o":{"a":0,"k":100,"ix":4},"w":{"a":0,"k":3,"ix":5},"lc":2,"lj":2,"nm":"Stroke 1","mn":"ADBE Vector Graphic - Stroke","hd":false},{"ty":"tr","p":{"a":0,"k":[7.508,20.989],"ix":2},"a":{"a":0,"k":[0,0],"ix":1},"s":{"a":0,"k":[100,100],"ix":3},"r":{"a":0,"k":0,"ix":6},"o":{"a":0,"k":100,"ix":7},"sk":{"a":0,"k":0,"ix":4},"sa":{"a":0,"k":0,"ix":5},"nm":"Transform"}],"nm":"Group 1","np":3,"cix":2,"ix":4,"mn":"ADBE Vector Group","hd":false},{"ty":"gr","it":[{"ind":0,"ty":"sh","ix":1,"ks":{"a":0,"k":{"i":[[0,0],[0,0]],"o":[[0,0],[0,0]],"v":[[30.014,11.999],[21.014,11.999]],"c":false},"ix":2},"nm":"Path 1","mn":"ADBE Vector Shape - Group","hd":false},{"ty":"tm","s":{"a":1,"k":[{"i":{"x":[0.667],"y":[1]},"o":{"x":[0.333],"y":[0]},"n":["0p667_1_0p333_0"],"t":24,"s":[0],"e":[100]},{"i":{"x":[0.667],"y":[1]},"o":{"x":[0.167],"y":[0]},"n":["0p667_1_0p167_0"],"t":36,"s":[100],"e":[100]},{"i":{"x":[0.667],"y":[1]},"o":{"x":[0.333],"y":[0]},"n":["0p667_1_0p333_0"],"t":63,"s":[100],"e":[0]},{"t":75}],"ix":1},"e":{"a":0,"k":100,"ix":2},"o":{"a":0,"k":0,"ix":3},"m":1,"ix":2,"nm":"Trim Paths 1","mn":"ADBE Vector Filter - Trim","hd":false},{"ty":"st","c":{"a":0,"k":[0.757000014361,0.757000014361,0.757000014361,1],"ix":3},"o":{"a":0,"k":100,"ix":4},"w":{"a":0,"k":3,"ix":5},"lc":2,"lj":2,"nm":"Stroke 1","mn":"ADBE Vector Graphic - Stroke","hd":false},{"ty":"tr","p":{"a":0,"k":[0,0],"ix":2},"a":{"a":0,"k":[0,0],"ix":1},"s":{"a":0,"k":[100,100],"ix":3},"r":{"a":0,"k":0,"ix":6},"o":{"a":0,"k":100,"ix":7},"sk":{"a":0,"k":0,"ix":4},"sa":{"a":0,"k":0,"ix":5},"nm":"Transform"}],"nm":"Group 3","np":3,"cix":2,"ix":5,"mn":"ADBE Vector Group","hd":false},{"ty":"gr","it":[{"ind":0,"ty":"sh","ix":1,"ks":{"a":0,"k":{"i":[[0,0],[0,0]],"o":[[0,0],[0,0]],"v":[[30.014,21.006],[21.014,21.006]],"c":false},"ix":2},"nm":"Path 1","mn":"ADBE Vector Shape - Group","hd":false},{"ty":"tm","s":{"a":1,"k":[{"i":{"x":[0.667],"y":[1]},"o":{"x":[0.333],"y":[0]},"n":["0p667_1_0p333_0"],"t":24,"s":[0],"e":[100]},{"i":{"x":[0.667],"y":[1]},"o":{"x":[0.167],"y":[0]},"n":["0p667_1_0p167_0"],"t":36,"s":[100],"e":[100]},{"i":{"x":[0.667],"y":[1]},"o":{"x":[0.333],"y":[0]},"n":["0p667_1_0p333_0"],"t":63,"s":[100],"e":[0]},{"t":75}],"ix":1},"e":{"a":0,"k":100,"ix":2},"o":{"a":0,"k":0,"ix":3},"m":1,"ix":2,"nm":"Trim Paths 1","mn":"ADBE Vector Filter - Trim","hd":false},{"ty":"st","c":{"a":0,"k":[0.757000014361,0.757000014361,0.757000014361,1],"ix":3},"o":{"a":0,"k":100,"ix":4},"w":{"a":0,"k":3,"ix":5},"lc":2,"lj":2,"nm":"Stroke 1","mn":"ADBE Vector Graphic - Stroke","hd":false},{"ty":"tr","p":{"a":0,"k":[0,0],"ix":2},"a":{"a":0,"k":[0,0],"ix":1},"s":{"a":0,"k":[100,100],"ix":3},"r":{"a":0,"k":0,"ix":6},"o":{"a":0,"k":100,"ix":7},"sk":{"a":0,"k":0,"ix":4},"sa":{"a":0,"k":0,"ix":5},"nm":"Transform"}],"nm":"Group 4","np":3,"cix":2,"ix":6,"mn":"ADBE Vector Group","hd":false},{"ty":"gr","it":[{"ind":0,"ty":"sh","ix":1,"ks":{"a":0,"k":{"i":[[0,0],[-2.209,0],[0,0],[0,-2.209],[0,0],[2.209,0],[0,0],[0,2.209]],"o":[[0,-2.209],[0,0],[2.209,0],[0,0],[0,2.209],[0,0],[-2.209,0],[0,0]],"v":[[-13.503,-9.503],[-9.503,-13.503],[9.503,-13.503],[13.503,-9.503],[13.503,9.503],[9.503,13.503],[-9.503,13.503],[-13.503,9.503]],"c":true},"ix":2},"nm":"Path 1","mn":"ADBE Vector Shape - Group","hd":false},{"ty":"tm","s":{"a":1,"k":[{"i":{"x":[0.667],"y":[1]},"o":{"x":[0.333],"y":[0]},"n":["0p667_1_0p333_0"],"t":24,"s":[0],"e":[100]},{"i":{"x":[0.667],"y":[1]},"o":{"x":[0.167],"y":[0]},"n":["0p667_1_0p167_0"],"t":36,"s":[100],"e":[100]},{"i":{"x":[0.667],"y":[1]},"o":{"x":[0.333],"y":[0]},"n":["0p667_1_0p333_0"],"t":63,"s":[100],"e":[0]},{"t":75}],"ix":1},"e":{"a":0,"k":100,"ix":2},"o":{"a":0,"k":0,"ix":3},"m":1,"ix":2,"nm":"Trim Paths 1","mn":"ADBE Vector Filter - Trim","hd":false},{"ty":"st","c":{"a":0,"k":[0.757000014361,0.757000014361,0.757000014361,1],"ix":3},"o":{"a":0,"k":100,"ix":4},"w":{"a":0,"k":3,"ix":5},"lc":2,"lj":2,"nm":"Stroke 1","mn":"ADBE Vector Graphic - Stroke","hd":false},{"ty":"tr","p":{"a":0,"k":[16.503,16.503],"ix":2},"a":{"a":0,"k":[0,0],"ix":1},"s":{"a":0,"k":[100,100],"ix":3},"r":{"a":0,"k":0,"ix":6},"o":{"a":0,"k":100,"ix":7},"sk":{"a":0,"k":0,"ix":4},"sa":{"a":0,"k":0,"ix":5},"nm":"Transform"}],"nm":"Group 6","np":3,"cix":2,"ix":7,"mn":"ADBE Vector Group","hd":false}],"ip":0,"op":90,"st":0,"bm":0},{"ddd":0,"ind":3,"ty":4,"nm":"Layer 3 Outlines","sr":1,"ks":{"o":{"a":0,"k":100,"ix":11},"r":{"a":0,"k":0,"ix":10},"p":{"a":0,"k":[85.612,87.329,0],"ix":2},"a":{"a":0,"k":[26.306,32.52,0],"ix":1},"s":{"a":0,"k":[171.139,171.139,100],"ix":6}},"ao":0,"shapes":[{"ty":"gr","it":[{"ind":0,"ty":"sh","ix":1,"ks":{"a":0,"k":{"i":[[0,0],[-2.209,0],[0,0],[-0.756,-0.803],[0,0],[0,-1.019],[0,0],[2.209,0],[0,0],[0,2.21]],"o":[[0,-2.209],[0,0],[1.102,0],[0,0],[0.698,0.742],[0,0],[0,2.21],[0,0],[-2.209,0],[0,0]],"v":[[-23.305,-25.52],[-19.305,-29.52],[5.005,-29.52],[7.916,-28.26],[22.218,-13.064],[23.305,-10.324],[23.305,25.52],[19.305,29.52],[-19.305,29.52],[-23.305,25.52]],"c":true},"ix":2},"nm":"Path 1","mn":"ADBE Vector Shape - Group","hd":false},{"ty":"st","c":{"a":1,"k":[{"i":{"x":[0.667],"y":[1]},"o":{"x":[0.333],"y":[0]},"n":["0p667_1_0p333_0"],"t":24,"s":[0.757000014361,0.757000014361,0.757000014361,1],"e":[1,0.745098039216,0,1]},{"i":{"x":[0.667],"y":[1]},"o":{"x":[0.167],"y":[0]},"n":["0p667_1_0p167_0"],"t":36,"s":[1,0.745098039216,0,1],"e":[1,0.745098039216,0,1]},{"i":{"x":[0.667],"y":[1]},"o":{"x":[0.333],"y":[0]},"n":["0p667_1_0p333_0"],"t":63,"s":[1,0.745098039216,0,1],"e":[0.757000014361,0.757000014361,0.757000014361,1]},{"t":75}],"ix":3},"o":{"a":0,"k":100,"ix":4},"w":{"a":0,"k":3,"ix":5},"lc":2,"lj":1,"ml":4,"nm":"Stroke 1","mn":"ADBE Vector Graphic - Stroke","hd":false},{"ty":"tr","p":{"a":0,"k":[26.305,32.52],"ix":2},"a":{"a":0,"k":[0,0],"ix":1},"s":{"a":0,"k":[100,100],"ix":3},"r":{"a":0,"k":0,"ix":6},"o":{"a":0,"k":100,"ix":7},"sk":{"a":0,"k":0,"ix":4},"sa":{"a":0,"k":0,"ix":5},"nm":"Transform"}],"nm":"Group 1","np":2,"cix":2,"ix":1,"mn":"ADBE Vector Group","hd":false}],"ip":0,"op":90,"st":0,"bm":0}]}