[
  {
    "title": "۹۵ ام بی روزانه",
    "price": "۱۰ افغانی",
    "info": "۹۵ ام بی انترنت برای ۱ روز به قیمت ۱۰ افغانی. برای فعال سازی دکمه سبز و برای غیرفعال سازی دکمه سرخ را فشار دهید. برای فعال سازی *477*1*1# را دایل نمایید.",
    "buttonA": "*477*1*1#",
    "buttonD": "*477*1*2#"
  },
  {
    "title": "۲۰۰ ام بی روزانه",
    "price": "۱۵ افغانی",
    "info": "۲۰۰ ام بی انترنت برای ۱ روز به قیمت ۱۵ افغانی. برای فعال سازی دکمه سبز و برای غیرفعال سازی دکمه سرخ را فشار دهید. برای فعال سازی *477*15*1# را دایل نمایید.",
    "buttonA": "*477*15*1#",
    "buttonD": "*477*15*2#"
  },
  {
    "title": "۴۰۰ ام بی روزانه",
    "price": "۳۰ افغانی",
    "info": "۴۰۰ ام بی انترنت برای ۱ روز به قیمت ۳۰ افغانی. برای فعال سازی دکمه سبز و برای غیرفعال سازی دکمه سرخ را فشار دهید. برای فعال سازی *477*2*1# را دایل نمایید.",
    "buttonA": "*477*2*1#",
    "buttonD": "*477*2*2#"
  },
  {
    "title": "۱ جی بی روزانه",
    "price": "۵۰ افغانی",
    "info": "۱ جی بی انترنت برای ۱ روز به قیمت ۵۰ افغانی. برای فعال سازی دکمه سبز و برای غیرفعال سازی دکمه سرخ را فشار دهید. برای فعال سازی *477*50*1# را دایل نمایید.",
    "buttonA": "*477*50*1#",
    "buttonD": "*477*50*2#"
  },
  {
    "title": "۲ جی بی روزانه",
    "price": "۵۰ افغانی",
    "info": "۲ جی بی انترنت برای ۱ روز به قیمت ۷۷ افغانی. برای فعال سازی دکمه سبز و برای غیرفعال سازی دکمه سرخ را فشار دهید. برای فعال سازی *477*77*1# را دایل نمایید.",
    "buttonA": "*477*77*1#",
    "buttonD": "*477*77*2#"
  },
  {
    "title": "۳ جی بی روزانه",
    "price": "۹۹ افغانی",
    "info": "۳ جی بی انترنت برای ۱ روز به قیمت ۹۹ افغانی. برای فعال سازی دکمه سبز و برای غیرفعال سازی دکمه سرخ را فشار دهید. برای فعال سازی *477*99*1# را دایل نمایید.",
    "buttonA": "*477*99*1#",
    "buttonD": "*477*99*2#"
  }
]