[{"buttonD":"*233*3*2#","price":"۱۵ افغانی ","title":"۱۵ دقیقه تماس روزانه","buttonA":"*233*3*1#","info":"۱۵ دقیقه تماس برای ۱ روز به قیمت ۱۵ افغانی. برای فعال سازی *233*3*1# و برای غیر فعال سازی *233*3*2# را دایل نمایید."},{"buttonD":"*233*1*2#","price":"۲۵ افغانی ","title":"۷۵ دقیقه تماس روزانه","buttonA":"*233*1*1#","info":"۷۵ دقیقه تماس برای ۱ روز به قیمت ۲۵ افغانی. برای فعال سازی *233*1*1# و برای غیر فعال سازی *233*1*2# را دایل نمایید."}]