[{"buttonD":"D40","price":"۱۵ افغانی ","title":"۴۰ دقیقه روزانه ","buttonA":"40","info":"۴۰ دقیقه به روشن برای ۱ روز به قیمت ۱۵ افغانی. \r\nبرای فعال سازی روی دکمه سبز و برای غیرفعال سازی روی دکمه سرخ فشار دهید. \nبرای فعال سازی 40 و برای غیر فعال سازی d40 را به 555 ارسال نمایید"},{"buttonD":"D35","price":"۳۵ افغانی ","title":"۱۵۰ دقیقه روزانه ","buttonA":"35","info":"۱۵۰ دقیقه به روشن برای ۱ روز به قیمت ۳۵ افغانی. \r\nبرای فعال سازی روی دکمه سبز و برای غیرفعال سازی روی دکمه سرخ فشار دهید. \nبرای فعال سازی 35 و برای غیر فعال سازی d35 را به 555 ارسال نمایید"}]