[
  {
    "title": "۱۰۰ ام بی روزانه",
    "price": "۱۰ افغانی",
    "info": "۱۰۰ ام بی انترنت برای ۱ روز به قیمت ۱۰ افغانی. برای فعال سازی A 100MB و برای غیرفعال سازی D 100MB را به ۷۴۰ ارسال نمایید.",
    "buttonA": "A 100MB",
    "buttonD": "D 100MB"
  },
  {
    "title": "۱ جی بی روزانه",
    "price": "۴۹ افغانی",
    "info": "۱ جی بی انترنت برای ۱ روز به قیمت ۴۹ افغانی. برای فعال سازی A 49 و برای غیرفعال سازی D 49 را به ۷۴۰ ارسال نمایید.",
    "buttonA": "A 49",
    "buttonD": "D 49"
  }
]