[
  {
    "title": "۵۱۲ ام بی ساعت وار",
    "price": "۱۲ افغانی",
    "info": "۵۱۲ ام بی انترنت برای ۱ ساعت به قیمت ۱۲ افغانی. برای فعال سازی دکمه سبز و برای غیرفعال سازی دکمه سرخ را فشار دهید. برای فعال سازی *477*512*1# را دایل نمایید.",
    "buttonA": "*477*512*1#",
    "buttonD": "*477*512*2#"
  },
  {
    "title": "۱ جی بی ساعت وار",
    "price": "۲۰ افغانی",
    "info": "۱ جی بی انترنت برای ۱ ساعت به قیمت ۲۰ افغانی. برای فعال سازی دکمه سبز و برای غیرفعال سازی دکمه سرخ را فشار دهید. برای فعال سازی *477*21*1# را دایل نمایید.",
    "buttonA": "*477*21*1#",
    "buttonD": "*477*21*2#"
  },
  {
    "title": "۷۰۰ ام بی ساعت وار",
    "price": "۱۵ افغانی",
    "info": "۷۰۰ ام بی انترنت برای ۱ ساعت به قیمت ۱۵ افغانی. برای فعال سازی دکمه سبز و برای غیرفعال سازی دکمه سرخ را فشار دهید. برای فعال سازی *477*14*1# را دایل نمایید.",
    "buttonA": "*477*14*1#",
    "buttonD": ""
}

]