[
  {
    "title": "۵۱۲ ام بی ساعت وار",
    "price": "۱۲ افغانی",
    "info": "۵۱۲ ام بی انترنت برای ۱ ساعت به قیمت ۱۲ افغانی. برای فعال سازی H400 و برای غیر فعال سازی PU H400 را به ۳۳۷۸ ارسال کنید",
    "buttonA": "H400",
    "buttonD": "PU H400"
  },
  {
    "title": "۶۵۰ ام بی ساعت وار",
    "price": "۱۵ افغانی",
    "info": "۶۵۰ ام بی انترنت برای ۱ ساعت به قیمت ۱۵ افغانی. برای فعال سازی 650MB و برای غیر فعال سازی PU 650MB را به ۳۳۷۸ ارسال کنید",
    "buttonA": "650MB",
    "buttonD": "PU 650MB"
  },
  {
    "title": "۱۰۲۴ ام بی ساعت وار",
    "price": "۲۰ افغانی",
    "info": "۱ جی بی انترنت برای ۱ ساعت به قیمت ۲۰ افغانی. برای فعال سازی 1GB و برای غیر فعال سازی PU 1GB را به ۳۳۷۸ ارسال کنید",
    "buttonA": "1GB",
    "buttonD": "PU 1GB"
  }
]