[{"buttonD":"U","price":"۶۵ افغانی ","title":"۱۰ دقیقه روزانه","buttonA":"ID","info":" ۱۰ دقیقه فقط به ایرانسل برای ۱ روز به قیمت ۶۵ افغانی. \r\nبرای فعال سازی روی دکمه سبز و برای غیرفعال سازی روی دکمه سرخ فشار دهید. \nبرای فعال سازی ID و برای غیر فعال سازی U را به 303 ارسال نمایید"},{"buttonD":"U","price":"۱۳۰ افغانی ","title":"۲۰ دقیقه هفته وار ","buttonA":"IW","info":" ۲۰ دقیقه فقط به ایرانسل برای ۷ روز به قیمت ۱۳۰ افغانی. \r\nبرای فعال سازی روی دکمه سبز و برای غیرفعال سازی روی دکمه سرخ فشار دهید. \nبرای فعال سازی IW و برای غیر فعال سازی U را به 303 ارسال نمایید"},{"buttonD":"U","price":"۲۶۰ افغانی ","title":"۴۰ دقیقه ماه وار ","buttonA":"IM","info":" ۴۰ دقیقه فقط به ایرانسل برای ۳۰ روز به قیمت ۲۶۰ افغانی. \r\nبرای فعال سازی روی دکمه سبز و برای غیرفعال سازی روی دکمه سرخ فشار دهید. \nبرای فعال سازی IM و برای غیر فعال سازی U را به 303 ارسال نمایید"}]