[{"buttonD":"U","price":"۲۰۰ افغانی ","title":"۱۱۰۰ دقیقه ماه وار ","buttonA":"5","info":" ۱۱۰۰ دقیقه  برای ۳۰ روز به قیمت ۲۰۰ افغانی. \r\nبرای فعال سازی روی دکمه سبز و برای غیرفعال سازی روی دکمه سرخ فشار دهید. \nبرای فعال سازی 5 و برای غیر فعال سازی u را به 247 ارسال نمایید"},{"buttonD":"U","price":"۴۹۹ افغانی ","title":"۴۲۰۰ دقیقه ماه وار ","buttonA":"8","info":" ۴۲۰۰ دقیقه  برای ۶۰ روز به قیمت ۴۹۹ افغانی. \r\nبرای فعال سازی روی دکمه سبز و برای غیرفعال سازی روی دکمه سرخ فشار دهید. \nبرای فعال سازی 8 و برای غیر فعال سازی u را به 247 ارسال نمایید"}]