[
  {
    "title": "۱ جی بی ماه وار",
    "price": "۹۲ افغانی",
    "info": "۱ جی بی انترنت برای ۳۰ روز به قیمت ۹۲ افغانی. برای فعال سازی A 1GB و برای غیرفعال سازی D 1GB را به ۷۴۰ ارسال نمایید.",
    "buttonA": "A 1GB",
    "buttonD": "D 1GB"
  },
  {
    "title": "۲ جی بی ماه وار",
    "price": "۱۴۰ افغانی",
    "info": "۲ جی بی انترنت برای ۳۰ روز به قیمت ۱۴۰ افغانی. برای فعال سازی A 2GB و برای غیرفعال سازی D 2GB را به ۷۴۰ ارسال نمایید.",
    "buttonA": "A 2GB",
    "buttonD": "D 2GB"
  },
  {
    "title": "۳ جی بی ماه وار",
    "price": "۱۸۴ افغانی",
    "info": "۳ جی بی انترنت برای ۳۰ روز به قیمت ۱۸۴ افغانی. برای فعال سازی A 3GB و برای غیرفعال سازی D 3GB را به ۷۴۰ ارسال نمایید.",
    "buttonA": "A 3GB",
    "buttonD": "D 3GB"
  },
  {
    "title": "۴ جی بی ماه وار",
    "price": "۲۳۰ افغانی",
    "info": "۴ جی بی انترنت برای ۳۰ روز به قیمت ۲۳۰ افغانی. برای فعال سازی A 4GB و برای غیرفعال سازی D 4GB را به ۷۴۰ ارسال نمایید.",
    "buttonA": "A 4GB",
    "buttonD": "D 4GB"
  },
  {
    "title": "۵ جی بی ماه وار",
    "price": "۲۷۶ افغانی",
    "info": "۵ جی بی انترنت برای ۳۰ روز به قیمت ۲۷۶ افغانی. برای فعال سازی A 5GB و برای غیرفعال سازی D 5GB را به ۷۴۰ ارسال نمایید.",
    "buttonA": "A 5GB",
    "buttonD": "D 5GB"
  },
  {
    "title": "۱۰ جی بی ماه وار",
    "price": "۴۱۵ افغانی",
    "info": "۱۰ جی بی انترنت برای ۳۰ روز به قیمت ۴۱۵ افغانی. برای فعال سازی A 10GB و برای غیرفعال سازی D 10GB را به ۷۴۰ ارسال نمایید.",
    "buttonA": "A 10GB",
    "buttonD": "D 10GB"
  },
  {
    "title": "۳۰ جی بی ماه وار",
    "price": "۱۲۰۰ افغانی",
    "info": "۳۰ جی بی انترنت برای ۳۰ روز به قیمت ۱۲۰۰ افغانی. برای فعال سازی A 30GB و برای غیرفعال سازی D 30GB را به ۷۴۰ ارسال نمایید.",
    "buttonA": "A 30GB",
    "buttonD": "D 30GB"
  },
  {
    "title": "۵۰ جی بی ماه وار",
    "price": "۱۴۹۹ افغانی",
    "info": "۵۰ جی بی انترنت برای ۶۰ روز به قیمت ۱۴۹۹ افغانی. برای فعال سازی A 50GB و برای غیرفعال سازی D 50GB را به ۷۴۰ ارسال نمایید.",
    "buttonA": "A 50GB",
    "buttonD": "D 50GB"
  }
]