[
  {
    "title": "۲۵۰ دقیقه روزانه",
    "price": "۱۰ افغانی ",
    "info": "۲۵۰ دقیقه تماس برای ۱ روز به قیمت ۱۰ افغانی.فقط از ۱۰ شب تا ۵:۵۹ صبح. برای فعال سازی N10 و برای غیرفعال سازی PUN10 را به ۳۳۷۸ ارسال نمایید.",
    "buttonA": "N10",
    "buttonD": "PUN10"
  },
  {
    "title": "۷۵۰ دقیقه هفته وار",
    "price": "۳۵ افغانی ",
    "info": "۷۵۰ دقیقه تماس برای ۷ روز به قیمت ۳۵ افغانی.فقط از ۱۰ شب تا ۵:۵۹ صبح. برای فعال سازی N35 و برای غیرفعال سازی PUN35 را به ۳۳۷۸ ارسال نمایید.",
    "buttonA": "N35",
    "buttonD": "PUN35"
  },
  {
    "title": "۴۰۰۰ دقیقه ماه وار",
    "price": "۱۹۹ افغانی ",
    "info": "۴۰۰۰ دقیقه تماس برای ۳۰ روز به قیمت ۱۹۹ افغانی.فقط از ۱۰ شب تا ۵:۵۹ صبح. برای فعال سازی 199 و برای غیرفعال سازی PU199 را به ۳۳۷۸ ارسال نمایید.",
    "buttonA": "199",
    "buttonD": "PU199"
  }
]