[{
"buttonD": "15D",
"price": "۱۵ افغانی ",
"title": " تماس نامحدود شبانه ",
"buttonA": "15",
"info": "تماس نامحدود روشن به مدت 1 شب به قیمت 15 افغانی.  دکمه سبز را برای فعال کردن و دکمه قرمز را برای غیرفعال کردن فشار دهید.  از ساعت 10 شب تا 6 صبح قابل استفاده است.  برای فعال سازی 15d را به 555 و برای غیرفعال سازی 15d را ارسال کنید"
}, {
"buttonD": "DW45",
"price": "۴۵ افغانی ",
"title": "تماس نامحدود شبانه  ",
"buttonA": "W45",
"info": "تماس نامحدود روشن به مدت 7 شب به قیمت ۴۵ افغانی.  دکمه سبز را برای فعال کردن و دکمه قرمز را برای غیرفعال کردن فشار دهید.  از ساعت 10 شب تا 6 صبح قابل استفاده است.  برای فعال سازی w45 را به 555 و برای غیرفعال کردن dw45 ارسال کنید"
}, {
"buttonD": "DN135",
"price": "۱۳۵ افغانی ",
"title": "تماس نامحدود شبانه  ",
"buttonA": "N135",
"info": "تماس نامحدود روشن به مدت 30 شب به قیمت ۱۳۵ افغانی.  دکمه سبز را برای فعال کردن و دکمه قرمز را برای غیرفعال کردن فشار دهید.  از ساعت 10 شب تا 6 صبح قابل استفاده است.  برای فعال سازی، N135 را به 555 ارسال کنید تا فعال شود و برای غیرفعال کردن، DN135 را ارسال کنید."
}]
