[
  {
    "title": "۳ جی بی شبانه",
    "price": "۹۹ افغانی",
    "info": "۳ جی بی انترنت برای ۳۰ شب به قیمت ۹۹ افغانی. برای فعال سازی NBS و برای غیر فعال سازی PUNBS را به ۳۳۷۸ ارسال کنید",
    "buttonA": "NBS",
    "buttonD": "PUNBS"
  }
  ,
  {
    "title": "۱ جی بی شبانه",
    "price": "۲۵ افغانی",
    "info": "۱ جی بی انترنت برای ۱ شب به قیمت ۲۵ افغانی. برای فعال سازی NBD و برای غیر فعال سازی PUNBD را به ۳۳۷۸ ارسال کنید",
    "buttonA": "NBD",
    "buttonD": "PUNBD"
  }
]