[
  {
    "title": "۱ جی بی شبانه",
    "price": "۲۵ افغانی",
    "info": "۱ جی بی انترنت برای ۱ شب به قیمت ۲۵ افغانی. برای فعال سازی دکمه سبز و برای غیرفعال سازی دکمه سرخ را فشار دهید. برای فعال سازی *344*41# را دایل نمایید.",
    "buttonA": "*344*41#",
    "buttonD": "D"
  },
  {
    "title": "۱۰ جی بی شبانه",
    "price": "۲۰۰ افغانی",
    "info": "۱۰ جی بی انترنت برای ۳۰ شب به قیمت ۲۰۰ افغانی. برای فعال سازی دکمه سبز و برای غیرفعال سازی دکمه سرخ را فشار دهید. برای فعال سازی *344*42# را دایل نمایید.",
    "buttonA": "*344*42#",
    "buttonD": "D"
  }
]