[
  {
    "title": "۱.۵ جی بی شبانه",
    "price": "۵۰ افغانی",
    "info": "۱.۵ جی بی انترنت برای ۷ شب به قیمت ۵۰ افغانی. فقط از ۱۱ شب تا ۷ صبح قابل استفاده میباشد. برای فعال سازی A SML و برای غیرفعال سازی D SML را به ۷۴۰ ارسال نمایید.",
    "buttonA": "A SML",
    "buttonD": "D SML"
  },
  {
    "title": "۳ جی بی شبانه",
    "price": "۹۰ افغانی",
    "info": "۳ جی بی انترنت برای ۳۰ شب به قیمت ۹۰ افغانی. فقط از ۱۱ شب تا ۷ صبح قابل استفاده میباشد. برای فعال سازی A MDM و برای غیرفعال سازی D MDM را به ۷۴۰ ارسال نمایید.",
    "buttonA": "A MDM",
    "buttonD": "D MDM"
  },
  {
    "title": "۷ جی بی شبانه",
    "price": "۲۰۰ افغانی",
    "info": "۷ جی بی انترنت برای ۳۰ شب به قیمت ۲۰۰ افغانی. فقط از ۱۱ شب تا ۷ صبح قابل استفاده میباشد. برای فعال سازی A LRG و برای غیرفعال سازی D LRG را به ۷۴۰ ارسال نمایید.",
    "buttonA": "A LRG",
    "buttonD": "D LRG"
  },
  {
    "title": "۱۳ جی بی شبانه مخلوط ",
    "price": "۳۵۰ افغانی",
    "info": "۱۳ جی بی انترنت برای ۳۰ شب به قیمت ۳۵۰ افغانی. همراه با ۲۰۰ دقیقه تماس. فقط از ۱۱ شب تا ۷ صبح قابل استفاده میباشد. برای فعال سازی A XTR و برای غیرفعال سازی D XTR را به ۷۴۰ ارسال نمایید.",
    "buttonA": "A XTR",
    "buttonD": "D XTR"
  }
]