[
  {
    "title": "۷۰ ام بی روزانه",
    "price": "۵ افغانی",
    "info": "۷۰ ام بی انترنت برای ۱ روز به قیمت ۵ افغانی.فقط برای شبکه فیسبوک. برای فعال سازی دکمه سبز و برای غیرفعال سازی دکمه سرخ را فشار دهید. برای فعال سازی *232*5*1# را دایل نمایید.",
    "buttonA": "*232*5*1#",
    "buttonD": "*232*5*2#"
  },
  {
    "title": "۷۵ ام بی روزانه",
    "price": "۵ افغانی",
    "info": "۷۵ ام بی انترنت برای ۱ روز به قیمت ۵ افغانی.فقط برای شبکه وای بر. برای فعال سازی دکمه سبز و برای غیرفعال سازی دکمه سرخ را فشار دهید. برای فعال سازی *232*75*1# را دایل نمایید.",
    "buttonA": "*232*75*1#",
    "buttonD": "*232*75*2#"
  },
  {
    "title": "۱۵۰ ام بی روزانه",
    "price": "۱۰ افغانی",
    "info": "۱۵۰ ام بی انترنت برای ۱ روز به قیمت ۱۰ افغانی.فقط برای شبکه فیسبوک. برای فعال سازی دکمه سبز و برای غیرفعال سازی دکمه سرخ را فشار دهید. برای فعال سازی *232*10*1# را دایل نمایید.",
    "buttonA": "*232*10*1#",
    "buttonD": "*232*10*2#"
  },
  {
    "title": "۲۵۰ ام بی هفته وار",
    "price": "۲۰ افغانی",
    "info": "۲۵۰ ام بی انترنت برای ۷ روز به قیمت ۲۰ افغانی.فقط برای شبکه فیسبوک. برای فعال سازی دکمه سبز و برای غیرفعال سازی دکمه سرخ را فشار دهید. برای فعال سازی *232*20*1# را دایل نمایید.",
    "buttonA": "*232*20*1#",
    "buttonD": "*232*20*2#"
  },
  {
    "title": "۱۷۵ ام بی هفته وار",
    "price": "۱۰ افغانی",
    "info": "۱۷۵ ام بی انترنت برای ۷ روز به قیمت ۱۰ افغانی.فقط برای شبکه وای بر. برای فعال سازی دکمه سبز و برای غیرفعال سازی دکمه سرخ را فشار دهید. برای فعال سازی *232*175*1# را دایل نمایید.",
    "buttonA": "*232*175*1#",
    "buttonD": "*232*175*2#"
  },
  {
    "title": "۱.۲ جی بی ماه وار",
    "price": "۸۰ افغانی",
    "info": "۱.۲ جی بی انترنت برای ۳۰ روز به قیمت ۸۰ افغانی.فقط برای شبکه فیسبوک. برای فعال سازی دکمه سبز و برای غیرفعال سازی دکمه سرخ را فشار دهید. برای فعال سازی *232*80*1# را دایل نمایید.",
    "buttonA": "*232*80*1#",
    "buttonD": "*232*80*2#"
  },
  {
    "title": "۱ جی بی ماه وار",
    "price": "۴۵ افغانی",
    "info": "۱ جی بی انترنت برای ۳۰ روز به قیمت ۴۵ افغانی.فقط برای شبکه وای بر. برای فعال سازی دکمه سبز و برای غیرفعال سازی دکمه سرخ را فشار دهید. برای فعال سازی *232*46*1# را دایل نمایید.",
    "buttonA": "*232*46*1#",
    "buttonD": "*232*46*2#"
  },
  {
    "title": "۲.۵ جی بی ماه وار",
    "price": "۱۵۰ افغانی",
    "info": "۲.۵ جی بی انترنت برای ۳۰ روز به قیمت ۱۵۰ افغانی.فقط برای شبکه فیسبوک. برای فعال سازی دکمه سبز و برای غیرفعال سازی دکمه سرخ را فشار دهید. برای فعال سازی *232*150*1# را دایل نمایید.",
    "buttonA": "*232*150*1#",
    "buttonD": "*232*150*2#"
  }
]