[
  {
    "title": "۵۰ ام بی روزانه",
    "price": "۵ افغانی",
    "info": "۵۰ ام بی انترنت برای ۱ روز به قیمت ۵ افغانی.فقط برای شبکه های اجتماعی. برای فعال سازی دکمه سبز و برای غیرفعال سازی دکمه سرخ را فشار دهید. برای فعال سازی *344*511# را دایل نمایید.",
    "buttonA": "*344*511#",
    "buttonD": "D"
  },
  {
    "title": "۱۷۰ ام بی هفته وار",
    "price": "۱۸ افغانی",
    "info": "۱۷۰ ام بی انترنت برای ۷ روز به قیمت ۱۸ افغانی.فقط برای شبکه های اجتماعی. برای فعال سازی دکمه سبز و برای غیرفعال سازی دکمه سرخ را فشار دهید. برای فعال سازی *344*512# را دایل نمایید.",
    "buttonA": "*344*512#",
    "buttonD": "D"
  },
  {
    "title": "۴۷۵ ام بی ماه وار",
    "price": "۵۰ افغانی",
    "info": "۴۷۵ ام بی انترنت برای ۳۰ روز به قیمت ۵۰ افغانی.فقط برای شبکه های اجتماعی. برای فعال سازی دکمه سبز و برای غیرفعال سازی دکمه سرخ را فشار دهید. برای فعال سازی *344*513# را دایل نمایید.",
    "buttonA": "*344*513#",
    "buttonD": "D"
  }
]