[
  {
    "title": "۹۰ ام بی روزانه",
    "price": "۹ افغانی",
    "info": "۹۰ ام بی انترنت برای ۱ روز به قیمت ۹ افغانی. فقط برای فیسبوک. برای فعال سازی DFB و برای غیرفعال سازی UDFB را به ۵۵۵ ارسال نمایید.",
    "buttonA": "DFB",
    "buttonD": "UDFB"
  },
  {
    "title": "۲۰۰ ام بی روزانه",
    "price": "۱۵ افغانی",
    "info": "۲۰۰ ام بی انترنت برای ۱ روز به قیمت ۱۵ افغانی. فقط برای فیسبوک. برای فعال سازی S6 و برای غیرفعال سازی U6 را به ۵۵۵ ارسال نمایید.",
    "buttonA": "S6",
    "buttonD": "U6"
  },
  {
    "title": "۴۵۰ ام بی ماه وار",
    "price": "۴۵ افغانی",
    "info": "۴۵۰ ام بی انترنت برای ۳۰ روز به قیمت ۴۵ افغانی. فقط برای فیسبوک. برای فعال سازی FB50 و برای غیرفعال سازی UYFB را به ۵۵۵ ارسال نمایید.",
    "buttonA": "FB50",
    "buttonD": "UYFB"
  },
  {
    "title": "۶۵۰ ام بی ماه وار",
    "price": "۶۵ افغانی",
    "info": "۶۵۰ ام بی انترنت برای ۳۰ روز به قیمت ۶۵ افغانی. فقط برای فیسبوک. برای فعال سازی FB A و برای غیرفعال سازی FB D را به ۵۵۵ ارسال نمایید.",
    "buttonA": "FB A",
    "buttonD": "FB D"
  },
  {
    "title": "۸۵۰ ام بی ماه وار",
    "price": "۹۰ افغانی",
    "info": "۸۵۰ ام بی انترنت برای ۳۰ روز به قیمت ۹۰ افغانی. فقط برای فیسبوک. برای فعال سازی S100 و برای غیرفعال سازی U100 را به ۵۵۵ ارسال نمایید.",
    "buttonA": "S100",
    "buttonD": "U100"
  },
  {
    "title": "۱.۹ جی بی ماه وار",
    "price": "۱۹۹ افغانی",
    "info": "۱.۹ جی بی انترنت برای ۳۰ روز به قیمت ۱۹۹ افغانی. فقط برای فیسبوک. برای فعال سازی S199 و برای غیرفعال سازی U199 را به ۵۵۵ ارسال نمایید.",
    "buttonA": "S199",
    "buttonD": "U199"
  },
  {
    "title": "۳ جی بی ماه وار",
    "price": "۲۹۹ افغانی",
    "info": "۳ جی بی انترنت برای ۳۰ روز به قیمت ۲۹۹ افغانی. فقط برای فیسبوک. برای فعال سازی S299 و برای غیرفعال سازی U299 را به ۵۵۵ ارسال نمایید.",
    "buttonA": "S299",
    "buttonD": "U299"
  }
]