[{"buttonD":"U","price":"۱۰۰ افغانی ","title":"۴۲۰ دقیقه هفته وار ","buttonA":"4","info":" ۴۲۰ دقیقه  برای ۷ روز به قیمت ۱۰۰ افغانی. \r\nبرای فعال سازی روی دکمه سبز و برای غیرفعال سازی روی دکمه سرخ فشار دهید. \nبرای فعال سازی 4 و برای غیر فعال سازی u را به 247 ارسال نمایید"},{"buttonD":"U","price":"۱۵۰ افغانی ","title":"۸۵۰ دقیقه هفته وار ","buttonA":"9","info":" ۸۵۰ دقیقه  برای ۷ روز به قیمت ۱۵۰ افغانی. \r\nبرای فعال سازی روی دکمه سبز و برای غیرفعال سازی روی دکمه سرخ فشار دهید. \nبرای فعال سازی 9 و برای غیر فعال سازی u را به 247 ارسال نمایید"}]