[{
	"buttonD": "U",
	"price": "5 Afghanis ",
	"title": "8 minutes daily",
	"buttonA": "7",
	"info": "8 minutes for 1 day for 5  Afghani. \r\nPress the green button to activate and the red button to deactivate. \nSend 7 to activate and u to 247 to deactivate"
}, {
	"buttonD": "U",
	"price": "25 Afghanis ",
	"title": "85 minutes daily",
	"buttonA": "2",
	"info": "85 minutes for 1 day for 25 Afghanis. \r\nTo activate, press the green button  And press the red button to deactivate. \nSend 2 to activate and u to 247 to deactivate"
}]