[{"buttonD":"D40","price":"15 afghani ","title":"40 minutes daily ","buttonA":"40","info":"40 minutes for 1 day to  The price is 15 Afghanis. \r\nPress the green button to activate and the red button to deactivate. \nSend 40 to activate and d40 to 555 to deactivate"},{"buttonD":"D35"  ,"price":"35 Afghanis ","title":"150 minutes per day ","buttonA":"35","info":"150 minutes to Roshan for 1 day at the price of 35 Afghanis. \r\nFor active  Press the green button to activate and press the red button to deactivate. \nSend 35 to activate and send d35 to 555 to deactivate"}]