[{"buttonD":"D UD","price":"10 Afghanis ","title":"unlimited calls","buttonA":"A UD","info":"unlimited calls hello by hello  For 1 day at the price of 10 Afghanis. \r\nTo activate, press the green button and to deactivate, press the red button. \nTo activate, send A UD and to deactivate D UD to 740"},{"  buttonD":"D OD","price":"25 Afghanis ","title":"15 minutes daily","buttonA":"A OD","info":"15 minutes calls to all Afghan networks for  1 day for 25 Afghanis. \r\nPress the green button to activate and red button to deactivate. \nTo activate A OD and to deactivate D send OD to 740"},{"buttonD  ":"D 20","price":"20 Afghanis ","title":"60 minutes daily","buttonA":"A 20","info":"60 minutes for 1 day at the price of 20 Afghanis.  \r\nPress the green button to activate and red button to deactivate. \nSend A 20 to activate and D 20 to deactivate to 740"},{"buttonD":"D 30",  "price":"30 Afghanis ","title":"200 minutes per day","buttonA":"A 30","info":"200 minutes for  1 day for 30 Afghani.  \r\nPress the green button to activate and the red button to deactivate.  \nTo activate A 30 and to deactivate D 30 send to 740"},{"buttonD":"D 50","price":"45 Afghani","title":"300 daily minutes",  "buttonA":"A 50","info":"300 minutes for 1 day at the price of 45 Afghanis.  \r\nPress the green button to activate and the red button to deactivate.  \nTo activate A 50 and to deactivate D 50 send to 740"}]