[{
	"buttonD": "5",
	"price": "2 Afghanis ",
	"title": "150 messages per day ",
	"buttonA": "6",
	"info": "150 messages for 1 day for the price of 2  Afghani. \r\nPress the green button to activate and the red button to deactivate. \nSend 6 to activate and 5 to deactivate to 676"
}, {
	"buttonD": "5",
	"price": "15 Afghanis ",
	"title": "1000 messages per day ",
	"buttonA": "4",
	"info": "1000 messages for 1 day at the price of 15 Afghanis. \r\nTo activate, press the green button  And press the red button to deactivate. \nSend 4 to activate and 5 to deactivate to 676"
}]