[{"buttonD":"D981","price":"35 Afghani","title":"5 minutes daily ","buttonA":"981","info":"5 minutes calls to Iran, for 1  day for 35 afghans.\r\nTo activate, press the green button and to deactivate, press the red button.\r\nTo activate, send d981 to 555 and to deactivate, send d981."},{"  buttonD":"D921","price":"35 Afghanis","title":"15 minutes daily ","buttonA":"921","info":"15 minutes calls to Pakistan, for 1 day at the price  35 Afghanis.\r\nPress the green button to activate and the red button to deactivate.\r\nSend 921 to activate and send d921 to 555 to deactivate."},{"buttonD":  "D911","price":"35 afghani","title":"15 minutes daily ","buttonA":"911","info":"15 minutes call to India, for 1 day at the price of 35 afghani.  \r\nPress the green button to activate and press the red button to deactivate. \r\nTo activate 911 and to deactivate send d911 to 555."},{"buttonD":"D987"  ,"price":"150 Afghani","title":"25 minutes weekly ","buttonA":"987","info":"25 minutes  Calls to Iran, for 7 days at the price of 150 Afghanis.\r\nPress the green button to activate and the red button to deactivate.  \r\nTo activate 987 and to deactivate send d987 to 555."},{"buttonD":"D927","price":"150 Afghani","title":"75 minutes weekly  ","buttonA":"927","info":"75 minutes of calls to Pakistan, for 7 days at the price of 150 Afghanis.\r\nPress the green button to activate and the red button to deactivate.  \r\nTo activate 927 and to deactivate send D927 to 555."},{"buttonD":"D917","price":"150 Afghanis","title":"75 minutes weekly  ","buttonA":"917","info":"75 minutes of calls to India, for 7 days at the price of 150 Afghanis.\r\nPress the green button to activate and the red button to deactivate.  \r\nSend 917 to activate and send D917 to 555 to deactivate."}]