[{"buttonD":"U","price":"200 Afghanis ","title":"1100 minutes monthly ","buttonA":"5","info":"1100 minutes for 30 days at the price  200 Afghani. \r\nPress the green button to activate and the red button to deactivate. \nSend 5 to activate and u to 247 to deactivate"},{"buttonD":"U",  "price":"499 Afghanis ","title":"4200 minutes monthly ","buttonA":"8","info":"4200 minutes for 60 days at the price of 499 Afghanis. \r\nTo activate on  Press the green button and press the red button to deactivate. \nSend 8 to activate and send u to 247 to deactivate"}]