[
   {
     "title": "250 minutes daily",
     "price": "10 Afghanis",
     "info": "250 minutes of calls for 1 day at the price of 10 Afghanis. Only from 10 pm to 5:59 am. To activate N10 and to deactivate send PUN10 to 3378.",
     "buttonA": "N10",
     "buttonD": "PUN10"
   },
   {
     "title": "750 minutes weekly",
     "price": "35 Afghanis",
     "info": "750 minutes of calls for 7 days at the price of 35 afghans. Only from 10 pm to 5:59 am. To activate N35 and to deactivate send PUN35 to 3378.",
     "buttonA": "N35",
     "buttonD": "PUN35"
   },
   {
     "title": "4000 minutes per month",
     "price": "199 Afghanis",
     "info": "4000 minutes of calls for 30 days at the price of 199 Afghanis. Only from 10 pm to 5:59 am. To activate, send PU199 to 3378.",
     "buttonA": "199",
     "buttonD": "PU199"
   }
 ]