[{"buttonD":"D OW","price":"40 Afghanis ","title":"30 minutes weekly","buttonA":"A OW","info":"30 minutes to all networks  Afghanistan for 7 days at the price of 40 Afghanis. \r\nPress the green button to activate and the red button to deactivate. \nSend A OW to activate and D OW to 740"},  {"buttonD":"D 89","price":"89 Afghanis ","title":"500 weekly minutes","buttonA":"A 89","info":"500 minutes for 7 days to  The price is 89 Afghanis. \r\nPress the green button to activate and the red button to deactivate. \nSend A 89 to activate and D 89 to 740"}]