[{"buttonD":"U","price":"65 Afghanis ","title":"10 minutes daily","buttonA":"ID","info":"10 minutes only to Irancell for 1 day  For the price of 65 Afghani. \r\nPress the green button to activate and the red button to deactivate. \nSend U to 303 to activate ID and to deactivate"},{"buttonD":"U  ","price":"130 Afghanis ","title":"20 minutes weekly ","buttonA":"IW","info":"20 minutes only to Irancell for 7 days at the price of 130 Afghanis. \r  \nPress the green button to activate and press the red button to deactivate. \nSend IW to 303 to activate and U to deactivate"},{"buttonD":"U","price":"  260 Afghanis ","title":"40 minutes monthly ","buttonA":"IM","info":"40 minutes only to Irancell for 30 days at the price of 260 Afghanis. \r\nTo activate, press the green button  And press the red button to deactivate. \nTo activate IM and to deactivate send U to 303"}]