[{"buttonD":"*233*9*2#","price":"180 Afghani","title":"1000 minutes monthly ","buttonA":"*233*9*1#",  "info":"1000 call minutes for 30 days at the price of 180 Afghanis. To activate, dial *233*9*1# and to deactivate *233*9*2#."},{"buttonD":  "*233*4*2#","price":"300 Afghani","title":"1500 monthly minutes ","buttonA":"*233*4*1#","info":"1500  call minutes for 30 days at the price of 300 Afghanis. To activate, dial *233*4*1# and to deactivate *233*4*2#."},{"buttonD":"*233*2*  2#","price":"499 Afghani","title":"5100 minutes per month ","buttonA":"*233*2*1#","info":"5100 call minutes for 30 days to  The price is 499 Afghanis. To activate, dial *233*2*1# and for deactivation, dial *233*2*2#."}]