[{"buttonD":"D UM","price":"100 Afghanis ","title":"Unlimited monthly calls","buttonA":"A UM","info":"Unlimited calls Hello  Hello for 30 days at the price of 100 Afghani. \r\nPress the green button to activate and the red button to deactivate. \nSend A UM to activate and D UM to 740"},  {"buttonD":"D OM","price":"90 Afghanis ","title":"70 minutes monthly","buttonA":"A OM","info":"70 minutes to all networks  Afghanistan for 30 days at the price of 90 Afghanis. \r\nPress the green button to activate and the red button to deactivate. \nSend A OM to activate and D OM to 740 to deactivate"},{  "buttonD":"D 90","price":"90 Afghanis ","title":"500 minutes monthly","buttonA":"A 90","info":"500 minutes for 30 days at the price  90 Afghani. \r\nTo activate, press the green button and to deactivate, press the red button. \nTo activate A, send 90 and to deactivate D, send 90 to 740"},{"buttonD":"D  1500","price":"299 Afghanis ","title":"3000 minutes per month","buttonA":"A 1500","info"  : "3000 minutes for 30 days at the price of 299 Afghanis.  \r\nPress the green button to activate and the red button to deactivate.  \nTo activate A, send 1500 and to deactivate D, send 1500 to 740"}]