[{"buttonD":"D 45","price":"45 Afghanis ","title":"Weekly mix package","buttonA":"A 45","info":"120 minutes 120 messages 200  MB Internet for 7 days at the price of 45 Afghanis. \r\nPress the green button to activate and the red button to deactivate. \nSend A 45 to activate and D 45 to 740"}  ,{"buttonD":"D ST","price":"270 Afghanis ","title":"Weekly mix package","buttonA":"A ST","info":"1000 minutes Hi by Hi  200 minutes to all Afghan networks for 7 days at the price of 270 Afghani. \r\nPress the green button to activate and press the red button to deactivate. \nTo activate A ST and to deactivate D ST to 740  send it"},{"buttonD":"D 85","price":"85 Afghanis ","title":"Weekly mix package","buttonA":"A 85","info":"200  Salam to Salam minutes, 200 Salam messages and 40 minutes to all Afghan networks for 7 days at the price of 85 Afghani. \r\nPress the green button to activate and press the red button to deactivate. \nTo activate A 85 and  To deactivate send D 85 to 740"}]