[{"buttonD":"U","price":"100 Afghanis ","title":"420 minutes weekly ","buttonA":"4","info":"420 minutes for 7 days for the price  100 Afghanis. \r\nPress the green button to activate and the red button to deactivate. \nSend 4 to activate and u to 247 to deactivate"},{"buttonD":"U",  "price":"150 Afghanis ","title":"850 weekly minutes ","buttonA":"9","info":"850 minutes for 7 days for 150 Afghanis. \r\nTo activate on  Press the green button and press the red button to deactivate. \nSend 9 to activate and send u to 247 to deactivate"}]