[
  {
    "title": "۵۰ دقیقه روزانه",
    "price": "۱۵ افغانی ",
    "info": "۵۰ دقیقه تماس برای ۱ روز به قیمت ۱۵ افغانی. برای فعال سازی 801 و برای غیرفعال سازی PU801 را به ۳۳۷۸ ارسال نمایید.",
    "buttonA": "801",
    "buttonD": "UD801"
  },
  {
    "title": "۱۰۰ دقیقه روزانه",
    "price": "۲۵ افغانی ",
    "info": "۱۰۰ دقیقه تماس برای ۱ روز به قیمت ۲۵ افغانی. برای فعال سازی 900 و برای غیرفعال سازی PU900 را به ۳۳۷۸ ارسال نمایید.",
    "buttonA": "900",
    "buttonD": "UD900"
  },
  {
    "title": "۱۲۵ دقیقه روزانه",
    "price": "۴۰ افغانی ",
    "info": "۱۲۵ دقیقه تماس برای ۱ روز به قیمت ۴۰ افغانی. برای فعال سازی 700 و برای غیرفعال سازی PU700 را به ۳۳۷۸ ارسال نمایید.",
    "buttonA": "700",
    "buttonD": "UD700"
  },
  {
    "title": "۱۲۵ دقیقه روزانه",
    "price": "۴۰ افغانی ",
    "info": "۱۲۵ دقیقه تماس برای ۱ روز به قیمت ۴۰ افغانی. برای فعال سازی 700 و برای غیرفعال سازی PU700 را به ۳۳۷۸ ارسال نمایید.",
    "buttonA": "700",
    "buttonD": "UD700"
  }
]