[{"buttonD":"U","price":"۵ افغانی ","title":"۸ دقیقه روزانه","buttonA":"7","info":" ۸ دقیقه  برای ۱ روز به قیمت ۵ افغانی. \r\nبرای فعال سازی روی دکمه سبز و برای غیرفعال سازی روی دکمه سرخ فشار دهید. \nبرای فعال سازی 7 و برای غیر فعال سازی u را به 247 ارسال نمایید"},{"buttonD":"U","price":"۲۵ افغانی ","title":"۸۵ دقیقه روزانه","buttonA":"2","info":" ۸۵ دقیقه  برای ۱ روز به قیمت ۲۵ افغانی. \r\nبرای فعال سازی روی دکمه سبز و برای غیرفعال سازی روی دکمه سرخ فشار دهید. \nبرای فعال سازی 2 و برای غیر فعال سازی u را به 247 ارسال نمایید"}]
