[{"buttonD":"D UD","price":"۱۰ افغانی ","title":"تماس های نامحدود","buttonA":"A UD","info":" تماس های نامحدود سلام به سلام برای ۱ روز به قیمت ۱۰ افغانی. \r\nبرای فعال سازی روی دکمه سبز و برای غیرفعال سازی روی دکمه سرخ فشار دهید. \nبرای فعال سازی A UD و برای غیر فعال سازی D UD را به 740 ارسال نمایید"},{"buttonD":"D OD","price":"۲۵ افغانی ","title":"۱۵ دقیقه روزانه","buttonA":"A OD","info":"  ۱۵ دقیقه تماس به تمام شبکه های افغانستان برای ۱ روز به قیمت ۲۵ افغانی. \r\nبرای فعال سازی روی دکمه سبز و برای غیرفعال سازی روی دکمه سرخ فشار دهید. \nبرای فعال سازی A OD و برای غیر فعال سازی D OD را به 740 ارسال نمایید"},{"buttonD":"D 20","price":"۲۰ افغانی ","title":"۶۰ دقیقه روزانه","buttonA":"A 20","info":"  ۶۰ دقیقه برای ۱ روز به قیمت ۲۰ افغانی. \r\nبرای فعال سازی روی دکمه سبز و برای غیرفعال سازی روی دکمه سرخ فشار دهید. \nبرای فعال سازی A 20 و برای غیر فعال سازی D 20 را به 740 ارسال نمایید"},{"buttonD":"D 30","price":"۳۰ افغانی ","title":"۲۰۰ دقیقه روزانه","buttonA":"A 30","info":"  ۲۰۰ دقیقه برای ۱ روز به قیمت ۳۰ افغانی. \r\nبرای فعال سازی روی دکمه سبز و برای غیرفعال سازی روی دکمه سرخ فشار دهید. \nبرای فعال سازی A 30 و برای غیر فعال سازی D 30 را به 740 ارسال نمایید"},{"buttonD":"D 50","price":"۴۵ افغانی ","title":"۳۰۰ دقیقه روزانه","buttonA":"A 50","info":"  ۳۰۰ دقیقه برای ۱ روز به قیمت ۴۵ افغانی. \r\nبرای فعال سازی روی دکمه سبز و برای غیرفعال سازی روی دکمه سرخ فشار دهید. \nبرای فعال سازی A 50 و برای غیر فعال سازی D 50 را به 740 ارسال نمایید"}]