[
  {
    "title": "۲۰۰ ام بی روزانه",
    "price": "۱۵ افغانی",
    "info": "۲۰۰ ام بی انترنت برای ۱ روز به قیمت ۱۵ افغانی. برای فعال سازی D200 و برای غیر فعال سازی PUD200 را به ۳۳۷۸ ارسال کنید",
    "buttonA": "D200",
    "buttonD": "PUD200"
  },
  {
    "title": "۴۰۰ ام بی روزانه",
    "price": "۳۰ افغانی",
    "info": "۴۰۰ ام بی انترنت برای ۱ روز به قیمت ۳۰ افغانی. برای فعال سازی D400 و برای غیر فعال سازی PU D400 را به ۳۳۷۸ ارسال کنید",
    "buttonA": "D400",
    "buttonD": "PU D400"
  },
  {
    "title": "۱ جی بی روزانه",
    "price": "۵۰ افغانی",
    "info": "۱ جی بی انترنت برای ۱ روز به قیمت ۵۰ افغانی. برای فعال سازی D50 و برای غیر فعال سازی PUD50 را به ۳۳۷۸ ارسال کنید",
    "buttonA": "D50",
    "buttonD": "PUD50"
  },
  {
    "title": "۲ جی بی روزانه",
    "price": "۷۷ افغانی",
    "info": "۲ جی بی انترنت برای ۱ روز به قیمت ۷۷ افغانی. برای فعال سازی D2 و برای غیر فعال سازی PU D2 را به ۳۳۷۸ ارسال کنید",
    "buttonA": "D2",
    "buttonD": "PU D2"
  }
]