[{"buttonD":"5","price":"۲ افغانی ","title":"۱۵۰ پیام روزانه ","buttonA":"6","info":"150 پیام  برای ۱ روز به قیمت 2 افغانی. \r\nبرای فعال سازی روی دکمه سبز و برای غیرفعال سازی روی دکمه سرخ فشار دهید. \nبرای فعال سازی 6 و برای غیر فعال سازی 5 را به 676 ارسال نمایید"},{"buttonD":"5","price":"۱۵ افغانی ","title":"۱۰۰۰ پیام روزانه ","buttonA":"4","info":"۱۰۰۰ پیام  برای ۱ روز به قیمت ۱۵ افغانی. \r\nبرای فعال سازی روی دکمه سبز و برای غیرفعال سازی روی دکمه سرخ فشار دهید. \nبرای فعال سازی 4 و برای غیر فعال سازی 5 را به 676 ارسال نمایید"}]