[
  {
    "title": "۲۸۰ ام بی روزانه",
    "price": "۳۰ افغانی",
    "info": "۲۸۰ ام بی انترنت برای ۱ روز به قیمت ۳۰ افغانی. برای فعال سازی D200 و برای غیرفعال سازی UD200 را به ۵۵۵ ارسال نمایید.",
    "buttonA": "D200",
    "buttonD": "UD200"
  },
  {
    "title": "۱ جی بی روزانه",
    "price": "۵۰ افغانی",
    "info": "۱ جی بی انترنت برای ۱ روز به قیمت ۵۰ افغانی. برای فعال سازی D1 و برای غیرفعال سازی UD1 را به ۵۵۵ ارسال نمایید.",
    "buttonA": "D1",
    "buttonD": "UD1"
  },
  {
    "title": "۳ جی بی روزانه",
    "price": "۹۰ افغانی",
    "info": "۳ جی بی انترنت برای ۱ روز به قیمت ۹۰ افغانی. برای فعال سازی 3GB و برای غیرفعال سازی U3GB را به ۵۵۵ ارسال نمایید.",
    "buttonA": "3GB",
    "buttonD": "U3GB"
  }
]