[{"buttonD":"PU 35","price":"35 افغانی","title":"۱۰ دقیقه تماس روزانه   ","buttonA":"35","info":"10 دقیقه تماس به  پاکیستان، کانادا، هند، و امریکا برای یک روز به قیمت 35 افغانی. \r\nبرای فعال سازی روی دکمه سبز و برای غیرفعال سازی روی دکمه سرخ فشار دهید. برای فعال سازی  35 و برای غیر فعال سازی 35 PU را به 3378 نمایید،"},{"buttonD":"PU W25","price":"75 افغانی","title":"25 دقیقه هفته وار ","buttonA":"W25","info":"25 دقیقه تماس به  چین، کانادا، هند، و امریکا برای یک هفته به قیمت 75 افغانی. \r\nبرای فعال سازی روی دکمه سبز و برای غیرفعال سازی روی دکمه سرخ فشار دهید. برای فعال سازی  W25 و برای غیر فعال سازی  PU W25 را به 3378 ارسال نمایید،"},{"buttonD":"PU 50","price":"150 افغانی","title":"50 دقیقه ماه  وار ","buttonA":"50","info":"50 دقیقه تماس به  چین، کانادا، هند،  و امریکا برای یک ماه به قیمت 150 افغانی. \r\nبرای فعال سازی روی دکمه سبز و برای غیرفعال سازی روی دکمه سرخ فشار دهید. برای فعال سازی  50 و برای غیر فعال سازی 50 PU را به 3378 ارسال نمایید،"}]