[{"buttonD":"D981","price":"۳۵ افغانی","title":"۵ دقیقه روزانه ","buttonA":"981","info":"۵ دقیقه تماس به ایران، برای ۱ روز به قیمت ۳۵ افغانی .\r\nبرای فعال سازی روی دکمه سبز و برای غیرفعال سازی روی دکمه سرخ فشار دهید. \r\nبرای فعال سازی 981 و برای غیر فعال سازی d981 را به شماره 555 ارسال نمائید."},{"buttonD":"D921","price":"۳۵ افغانی","title":"۱۵ دقیقه روزانه ","buttonA":"921","info":"۱۵ دقیقه تماس به پاکستان، برای ۱ روز به قیمت ۳۵ افغانی .\r\nبرای فعال سازی روی دکمه سبز و برای غیرفعال سازی روی دکمه سرخ فشار دهید. \r\nبرای فعال سازی 921 و برای غیر فعال سازی d921 را به شماره 555 ارسال نمائید."},{"buttonD":"D911","price":"۳۵ افغانی","title":"۱۵ دقیقه روزانه ","buttonA":"911","info":"۱۵ دقیقه تماس به هند، برای ۱ روز به قیمت ۳۵ افغانی .\r\nبرای فعال سازی روی دکمه سبز و برای غیرفعال سازی روی دکمه سرخ فشار دهید. \r\nبرای فعال سازی 911 و برای غیر فعال سازی d911 را به شماره 555 ارسال نمائید."},{"buttonD":"D987","price":"۱۵۰ افغانی","title":"۲۵ دقیقه هفته وار ","buttonA":"987","info":"۲۵ دقیقه تماس به ایران، برای ۷ روز به قیمت ۱۵۰ افغانی .\r\nبرای فعال سازی روی دکمه سبز و برای غیرفعال سازی روی دکمه سرخ فشار دهید. \r\nبرای فعال سازی 987 و برای غیر فعال سازی d987 را به شماره 555 ارسال نمائید."},{"buttonD":"D927","price":"۱۵۰ افغانی","title":"۷۵ دقیقه هفته وار ","buttonA":"927","info":"۷۵ دقیقه تماس به پاکستان، برای ۷ روز به قیمت ۱۵۰ افغانی .\r\nبرای فعال سازی روی دکمه سبز و برای غیرفعال سازی روی دکمه سرخ فشار دهید. \r\nبرای فعال سازی 927 و برای غیر فعال سازی D927 را به شماره 555 ارسال نمائید."},{"buttonD":"D917","price":"۱۵۰ افغانی","title":"۷۵ دقیقه هفته وار ","buttonA":"917","info":"۷۵ دقیقه تماس به هند، برای ۷ روز به قیمت ۱۵۰ افغانی .\r\nبرای فعال سازی روی دکمه سبز و برای غیرفعال سازی روی دکمه سرخ فشار دهید. \r\nبرای فعال سازی 917 و برای غیر فعال سازی D917 را به شماره 555 ارسال نمائید."}]