[
  {
    "title": "۱ جی بی ماه وار",
    "price": "۱۱۰ افغانی",
    "info": "۱ جی بی انترنت برای ۳۰ روز به قیمت ۱۱۰ افغانی. برای فعال سازی دکمه سبز و برای غیرفعال سازی دکمه سرخ را فشار دهید. برای فعال سازی *477*110*1# را دایل نمایید.",
    "buttonA": "*477*110*1#",
    "buttonD": "*477*110*2#"
  },
  {
    "title": "۲ جی بی ماه وار",
    "price": "۲۲۰ افغانی",
    "info": "۲ جی بی انترنت برای ۳۰ روز به قیمت ۲۲۰ افغانی. برای فعال سازی دکمه سبز و برای غیرفعال سازی دکمه سرخ را فشار دهید. برای فعال سازی *477*220*1# را دایل نمایید.",
    "buttonA": "*477*220*1#",
    "buttonD": "*477*220*2#"
  },
  {
    "title": "۲.۵ جی بی ماه وار",
    "price": "۲۵۰ افغانی",
    "info": "۲.۵ جی بی انترنت برای ۳۰ روز به قیمت ۲۵۰ افغانی. برای فعال سازی دکمه سبز و برای غیرفعال سازی دکمه سرخ را فشار دهید. برای فعال سازی *477*4*1# را دایل نمایید.",
    "buttonA": "*477*4*1#",
    "buttonD": "*477*4*2#"
  },
  {
    "title": "۳ جی بی ماه وار",
    "price": "۳۰۰ افغانی",
    "info": "۳ جی بی انترنت برای ۳۰ روز به قیمت ۳۰۰ افغانی. برای فعال سازی دکمه سبز و برای غیرفعال سازی دکمه سرخ را فشار دهید. برای فعال سازی *477*300*1# را دایل نمایید.",
    "buttonA": "*477*300*1#",
    "buttonD": "*477*300*2#"
  },
  {
    "title": "۴ جی بی ماه وار",
    "price": "۳۹۰ افغانی",
    "info": "۴ جی بی انترنت برای ۳۰ روز به قیمت ۳۹۰ افغانی. برای فعال سازی دکمه سبز و برای غیرفعال سازی دکمه سرخ را فشار دهید. برای فعال سازی *477*390*1# را دایل نمایید.",
    "buttonA": "*477*390*1#",
    "buttonD": "*477*390*2#"
  },
  {
    "title": "۵ جی بی ماه وار",
    "price": "۴۰۰ افغانی",
    "info": "۵ جی بی انترنت برای ۳۰ روز به قیمت ۴۰۰ افغانی. برای فعال سازی دکمه سبز و برای غیرفعال سازی دکمه سرخ را فشار دهید. برای فعال سازی *477*5*1# را دایل نمایید.",
    "buttonA": "*477*5*1#",
    "buttonD": "*477*5*2#"
  },
  {
    "title": "۱۰ جی بی ماه وار",
    "price": "۶۰۰ افغانی",
    "info": "۱۰ جی بی انترنت برای ۳۰ روز به قیمت ۶۰۰ افغانی. برای فعال سازی دکمه سبز و برای غیرفعال سازی دکمه سرخ را فشار دهید. برای فعال سازی *477*6*1# را دایل نمایید.",
    "buttonA": "*477*6*1#",
    "buttonD": "*477*6*2#"
  },
  {
    "title": "۱۳.۵ جی بی ماه وار",
    "price": "۸۰۰ افغانی",
    "info": "۱۳.۵ جی بی انترنت برای ۳۰ روز به قیمت ۸۰۰ افغانی. برای فعال سازی دکمه سبز و برای غیرفعال سازی دکمه سرخ را فشار دهید. برای فعال سازی *477*8*1# را دایل نمایید.",
    "buttonA": "*477*8*1#",
    "buttonD": "*477*8*2#"
  },
  {
    "title": "۲۰ جی بی ماه وار",
    "price": "۹۹۹ افغانی",
    "info": "۲۰ جی بی انترنت برای ۳۰ روز به قیمت ۹۹۹ افغانی. برای فعال سازی دکمه سبز و برای غیرفعال سازی دکمه سرخ را فشار دهید. برای فعال سازی *477*999*1# را دایل نمایید.",
    "buttonA": "*477*999*1#",
    "buttonD": "*477*999*2#"
  },
  {
    "title": "۲۴ جی بی ماه وار",
    "price": "۱۱۰۰ افغانی",
    "info": "۲۴ جی بی انترنت برای ۳۰ روز به قیمت ۱۱۰۰ افغانی. برای فعال سازی دکمه سبز و برای غیرفعال سازی دکمه سرخ را فشار دهید. برای فعال سازی *477*10*1# را دایل نمایید.",
    "buttonA": "*477*10*1#",
    "buttonD": "*477*10*2#"
  },
  {
    "title": "۴۰ جی بی ماه وار",
    "price": "۱۸۰۰ افغانی",
    "info": "۴۰ جی بی انترنت برای ۳۰ روز به قیمت ۱۸۰۰ افغانی. برای فعال سازی دکمه سبز و برای غیرفعال سازی دکمه سرخ را فشار دهید. برای فعال سازی *477*16*1# را دایل نمایید.",
    "buttonA": "*477*16*1#",
    "buttonD": "*477*16*2#"
  },
  {
    "title": "۶۰ جی بی ماه وار",
    "price": "۲۷۰۰ افغانی",
    "info": "۶۰ جی بی انترنت برای ۳۰ روز به قیمت ۲۷۰۰ افغانی. برای فعال سازی دکمه سبز و برای غیرفعال سازی دکمه سرخ را فشار دهید. برای فعال سازی *477*27*1# را دایل نمایید.",
    "buttonA": "*477*27*1#",
    "buttonD": "*477*27*2#"
  },
  {
    "title": "۲۲ جی بی دو ماهه",
    "price": "۲۰۰۰ افغانی",
    "info": "۲۲ جی بی انترنت برای ۶۰ روز به قیمت ۲۰۰۰ افغانی. برای فعال سازی دکمه سبز و برای غیرفعال سازی دکمه سرخ را فشار دهید. برای فعال سازی *477*2000*1# را دایل نمایید.",
    "buttonA": "*477*2000*1#",
    "buttonD": "*477*2000*2#"
  },
  {
    "title": "۳۲ جی بی دو ماهه",
    "price": "۲۶۹۹ افغانی",
    "info": "۳۲ جی بی انترنت برای ۶۰ روز به قیمت ۲۶۹۹ افغانی. برای فعال سازی دکمه سبز و برای غیرفعال سازی دکمه سرخ را فشار دهید. برای فعال سازی *477*2699*1# را دایل نمایید.",
    "buttonA": "*477*2699*1#",
    "buttonD": "*477*2699*2#"
  }
]