[{"buttonD":"*233*9*2#","price":"۱۸۰ افغانی","title":"۱۰۰۰ دقیقه ماه وار ","buttonA":"*233*9*1#","info":"۱۰۰۰ دقیقه تماس برای ۳۰ روز به قیمت ۱۸۰ افغانی. برای فعال سازی *233*9*1# و برای غیر فعال سازی *233*9*2# را دایل نمایید."},{"buttonD":"*233*4*2#","price":"۳۰۰ افغانی","title":"۱۵۰۰ دقیقه ماه وار ","buttonA":"*233*4*1#","info":"۱۵۰۰ دقیقه تماس برای ۳۰ روز به قیمت ۳۰۰ افغانی. برای فعال سازی *233*4*1# و برای غیر فعال سازی *233*4*2# را دایل نمایید."},{"buttonD":"*233*2*2#","price":"۴۹۹ افغانی","title":"۵۱۰۰ دقیقه ماه وار ","buttonA":"*233*2*1#","info":"۵۱۰۰ دقیقه تماس برای ۳۰ روز به قیمت ۴۹۹ افغانی. برای فعال سازی *233*2*1# و برای غیر فعال سازی *233*2*2# را دایل نمایید."}]