[
  {
    "title": "۱۰۰۰ دقیقه ماه وار",
    "price": "۲۰۰ افغانی ",
    "info": "۱۰۰۰ دقیقه تماس برای ۳۰ روز به قیمت ۲۰۰ افغانی. برای فعال سازی M200 و برای غیرفعال سازی PUM200 را به ۳۳۷۸ ارسال نمایید.",
    "buttonA": "M200",
    "buttonD": "PUM200"
  },
  {
    "title": "۱۵۰۰ دقیقه ماه وار",
    "price": "۲۲۰ افغانی ",
    "info": "۱۵۰۰ دقیقه تماس برای ۳۰ روز به قیمت ۲۲۰ افغانی. برای فعال سازی M220 و برای غیرفعال سازی PUM220 را به ۳۳۷۸ ارسال نمایید.",
    "buttonA": "M220",
    "buttonD": "PUM220"
  }
]