[{"buttonD":"D120","price":"۱۲۰ افغانی ","title":"۴۰۰ دقیقه ماه وار ","buttonA":"120","info":"۴۰۰ دقیقه به روشن برای ۳۰ روز به قیمت ۱۲۰ افغانی. \r\nبرای فعال سازی روی دکمه سبز و برای غیرفعال سازی روی دکمه سرخ فشار دهید. \nبرای فعال سازی 120 و برای غیر فعال سازی d120 را به 555 ارسال نمایید"},{"buttonD":"D220","price":"۲۰۰ افغانی ","title":"۱۰۰۰ دقیقه ماه وار ","buttonA":"220","info":"۱۰۰۰ دقیقه به روشن برای ۳۰ روز به قیمت ۲۰۰ افغانی. \r\nبرای فعال سازی روی دکمه سبز و برای غیرفعال سازی روی دکمه سرخ فشار دهید. همراه با پیام های نامحدود \nبرای فعال سازی 220 و برای غیر فعال سازی d220 را به 555 ارسال نمایید"},{"buttonD":"D225","price":"۲۲۵ افغانی ","title":"۱۵۰۰ دقیقه ماه وار ","buttonA":"225","info":"۱۵۰۰ دقیقه به روشن برای ۳۰ روز به قیمت ۲۲۵ افغانی. \r\nبرای فعال سازی روی دکمه سبز و برای غیرفعال سازی روی دکمه سرخ فشار دهید.\nبرای فعال سازی 225 و برای غیر فعال سازی d225 را به 555 ارسال نمایید"},{"buttonD":"D499","price":"۴۷۰ افغانی ","title":"۵۰۰۰ دقیقه ماه وار ","buttonA":"499","info":"۱۵۰۰ دقیقه به روشن برای ۳۰ روز به قیمت ۴۷۰ افغانی. \r\nبرای فعال سازی روی دکمه سبز و برای غیرفعال سازی روی دکمه سرخ فشار دهید. همراه با پیام های نامحدود \nبرای فعال سازی 499 و برای غیر فعال سازی d499 را به 555 ارسال نمایید"}]