[{"buttonD":"D UM","price":"۱۰۰ افغانی ","title":"تماس های نامحدود ماه وار","buttonA":"A UM","info":"تماس های نامحدود سلام به سلام  برای ۳۰ روز به قیمت ۱۰۰ افغانی. \r\nبرای فعال سازی روی دکمه سبز و برای غیرفعال سازی روی دکمه سرخ فشار دهید. \nبرای فعال سازی A UM و برای غیر فعال سازی D UM را به 740 ارسال نمایید"},{"buttonD":"D OM","price":"۹۰ افغانی ","title":"۷۰ دقیقه ماه وار","buttonA":"A OM","info":"۷۰ دقیقه به تمام شبکه های افغانستان  برای ۳۰ روز به قیمت ۹۰ افغانی. \r\nبرای فعال سازی روی دکمه سبز و برای غیرفعال سازی روی دکمه سرخ فشار دهید. \nبرای فعال سازی A OM و برای غیر فعال سازی D OM را به 740 ارسال نمایید"},{"buttonD":"D 90","price":"۹۰ افغانی ","title":"۵۰۰ دقیقه ماه وار","buttonA":"A 90","info":"۵۰۰ دقیقه  برای ۳۰ روز به قیمت ۹۰ افغانی. \r\nبرای فعال سازی روی دکمه سبز و برای غیرفعال سازی روی دکمه سرخ فشار دهید. \nبرای فعال سازی A 90 و برای غیر فعال سازی D 90 را به 740 ارسال نمایید"},{"buttonD":"D 1500","price":"۲۹۹ افغانی ","title":"۳۰۰۰ دقیقه ماه وار","buttonA":"A 1500","info":"۳۰۰۰ دقیقه  برای ۳۰ روز به قیمت ۲۹۹ افغانی. \r\nبرای فعال سازی روی دکمه سبز و برای غیرفعال سازی روی دکمه سرخ فشار دهید. \nبرای فعال سازی A 1500 و برای غیر فعال سازی D 1500 را به 740 ارسال نمایید"}]