[
{
    "title": "۱ جی بی ماه وار",
    "price": "۱۱۰ افغانی",
    "info": "۱ جی بی انترنت برای ۳۰ روز به قیمت ۱۱۰ افغانی. برای فعال سازی 110 و برای غیر فعال سازی PU 110 را به ۳۳۷۸ ارسال کنید",
    "buttonA": "110",
    "buttonD": "PU 110"
  },
  {
    "title": "۲.۵ جی بی ماه وار",
    "price": "۲۵۰ افغانی",
    "info": "۲.۵ جی بی انترنت برای ۳۰ روز به قیمت ۲۵۰ افغانی. برای فعال سازی 2GB و برای غیر فعال سازی PU2GB را به ۳۳۷۸ ارسال کنید",
    "buttonA": "2GB",
    "buttonD": "PU 2GB"
  },
  {
    "title": "۶+۶ جی بی ماه وار",
    "price": "۴۹۹ افغانی",
    "info": "۶ جی بی با ۶ جی بی اضافه انترنت برای ۳۰ روز به قیمت ۴۹۹ افغانی انترنت اضافی فقط برای یوتیوب از ۱۱ شب تا ۷ صبح قابل استفاده میباشد. برای فعال سازی 4GB و برای غیر فعال سازی PU4GB را به ۳۳۷۸ ارسال کنید",
    "buttonA": "4GB",
    "buttonD": "PU 4GB"
  },
  {
    "title": "۹+۹ جی بی ماه وار",
    "price": "۵۹۹ افغانی",
    "info": "۹ جی بی با ۹ جی بی اضافه انترنت برای ۳۰ روز به قیمت ۵۹۹ افغانی انترنت اضافی فقط برای یوتیوب از ۱۱ شب تا ۷ صبح قابل استفاده میباشد. برای فعال سازی 599 و برای غیر فعال سازی PU 599 را به ۳۳۷۸ ارسال کنید",
    "buttonA": "599",
    "buttonD": "PU 599"
  },
  {
    "title": "۱۳+۱۳ جی بی ماه وار",
    "price": "۷۹۹ افغانی",
    "info": "۱۳ جی بی با ۱۳ جی بی اضافه انترنت برای ۳۰ روز به قیمت ۷۹۹ افغانی انترنت اضافی فقط برای یوتیوب از ۱۱ شب تا ۷ صبح قابل استفاده میباشد. برای فعال سازی 7GB و برای غیر فعال سازی PU 7GB را به ۳۳۷۸ ارسال کنید",
    "buttonA": "7GB",
    "buttonD": "PU 7GB"
  },
  {
    "title": "۲۰+۲۰ جی بی ماه وار",
    "price": "۹۹۹ افغانی",
    "info": "۲۰ جی بی با ۲۰ جی بی اضافه انترنت برای ۳۰ روز به قیمت ۹۹۹ افغانی انترنت اضافی فقط برای یوتیوب از ۱۱ شب تا ۷ صبح قابل استفاده میباشد. برای فعال سازی 10GB و برای غیر فعال سازی PU 10GB را به ۳۳۷۸ ارسال کنید",
    "buttonA": "10GB",
    "buttonD": "PU 10GB"
  },
  {
    "title": "۳۰+۳۰ جی بی ماه وار",
    "price": "۱۳۹۹ افغانی",
    "info": "۳۰ جی بی با ۳۰ جی بی اضافه انترنت برای ۳۰ روز به قیمت ۱۳۹۹ افغانی انترنت اضافی فقط برای یوتیوب از ۱۱ شب تا ۷ صبح قابل استفاده میباشد. برای فعال سازی 1399 و برای غیر فعال سازی PU 1399 را به ۳۳۷۸ ارسال کنید",
    "buttonA": "1399",
    "buttonD": "PU 1399"
  },
  {
    "title": "۲۰ جی بی ۳ ماهه",
    "price": "۱۹۹۹ افغانی",
    "info": "۲۰ جی بی انترنت برای ۹۰ روز به قیمت ۱۹۹۹ افغانی. برای فعال سازی 25GB و برای غیر فعال سازی PU25GB را به ۳۳۷۸ ارسال کنید",
    "buttonA": "25GB",
    "buttonD": "PU25GB"
  }
]