[
  {
    "title": "۱ جی بی ماه وار",
    "price": "۱۱۰ افغانی",
    "info": "۱ جی بی انترنت برای ۳۰ روز به قیمت ۱۱۰ افغانی. برای فعال سازی دکمه سبز و برای غیرفعال سازی دکمه سرخ را فشار دهید. برای فعال سازی *344*30# را دایل نمایید.",
    "buttonA": "*344*30#",
    "buttonD": "D"
  },
  {
    "title": "۲ جی بی ماه وار",
    "price": "۲۲۰ افغانی",
    "info": "۲ جی بی انترنت برای ۳۰ روز به قیمت ۲۲۰ افغانی. برای فعال سازی دکمه سبز و برای غیرفعال سازی دکمه سرخ را فشار دهید. برای فعال سازی *344*31# را دایل نمایید.",
    "buttonA": "*344*31#",
    "buttonD": "D"
  },
  {
    "title": "۳ جی بی ماه وار",
    "price": "۳۳۰ افغانی",
    "info": "۳ جی بی انترنت برای ۳۰ روز به قیمت ۳۳۰ افغانی. برای فعال سازی دکمه سبز و برای غیرفعال سازی دکمه سرخ را فشار دهید. برای فعال سازی *344*52# را دایل نمایید.",
    "buttonA": "*344*52#",
    "buttonD": "D"
  },
  {
    "title": "۴ جی بی ماه وار",
    "price": "۴۴۰ افغانی",
    "info": "۴ جی بی انترنت برای ۳۰ روز به قیمت ۴۴۰ افغانی. برای فعال سازی دکمه سبز و برای غیرفعال سازی دکمه سرخ را فشار دهید. برای فعال سازی *344*32# را دایل نمایید.",
    "buttonA": "*344*32#",
    "buttonD": "D"
  },
  {
    "title": "۵ جی بی ماه وار",
    "price": "۴۹۹ افغانی",
    "info": "۵ جی بی انترنت برای ۳۰ روز به قیمت ۴۹۹ افغانی. برای فعال سازی دکمه سبز و برای غیرفعال سازی دکمه سرخ را فشار دهید. برای فعال سازی *344*53# را دایل نمایید.",
    "buttonA": "*344*53#",
    "buttonD": "D"
  },
  {
    "title": "۸ جی بی ماه وار",
    "price": "۷۲۵ افغانی",
    "info": "۸ جی بی انترنت برای ۳۰ روز به قیمت ۷۲۵ افغانی. برای فعال سازی دکمه سبز و برای غیرفعال سازی دکمه سرخ را فشار دهید. برای فعال سازی *344*33# را دایل نمایید.",
    "buttonA": "*344*33#",
    "buttonD": "D"
  },
  {
    "title": "۱۵ جی بی ماه وار",
    "price": "۱۳۹۹ افغانی",
    "info": "۱۵ جی بی انترنت برای ۳۰ روز به قیمت ۱۳۹۹ افغانی. برای فعال سازی دکمه سبز و برای غیرفعال سازی دکمه سرخ را فشار دهید. برای فعال سازی *344*34# را دایل نمایید.",
    "buttonA": "*344*34#",
    "buttonD": "D"
  },
  {
    "title": "۳۰ جی بی ماه وار",
    "price": "۲۶۹۹ افغانی",
    "info": "۳۰ جی بی انترنت برای ۳۰ روز به قیمت ۲۶۹۹ افغانی. برای فعال سازی دکمه سبز و برای غیرفعال سازی دکمه سرخ را فشار دهید. برای فعال سازی *344*36# را دایل نمایید.",
    "buttonA": "*344*36#",
    "buttonD": "D"
  }
]