[
  {
    "title": "۱ جی بی ماه وار",
    "price": "۱۱۰ افغانی",
    "info": "۱جی بی انترنت برای ۳۰ روز به قیمت ۱۱۰ افغانی. برای فعال سازی 1GB و برای غیرفعال سازی U1GB را به ۵۵۵ ارسال نمایید.",
    "buttonA": "1GB",
    "buttonD": "U1GB"
  },
  {
    "title": "۲ جی بی ماه وار",
    "price": "۲۲۰ افغانی",
    "info": "۲جی بی انترنت برای ۳۰ روز به قیمت ۲۲۰ افغانی. برای فعال سازی M1 و برای غیرفعال سازی UM1 را به ۵۵۵ ارسال نمایید.",
    "buttonA": "M1",
    "buttonD": "UM1"
  },
  {
    "title": "۳.۲ جی بی ماه وار",
    "price": "۳۳۰ افغانی",
    "info": "۳.۲جی بی انترنت برای ۳۰ روز به قیمت ۳۳۰ افغانی. برای فعال سازی M2 و برای غیرفعال سازی UM2 را به ۵۵۵ ارسال نمایید.",
    "buttonA": "M2",
    "buttonD": "UM2"
  },
  {
    "title": "۴.۵ جی بی ماه وار",
    "price": "۴۴۰ افغانی",
    "info": "۴.۵جی بی انترنت برای ۳۰ روز به قیمت ۴۴۰ افغانی. برای فعال سازی M3 و برای غیرفعال سازی UM3 را به ۵۵۵ ارسال نمایید.",
    "buttonA": "M3",
    "buttonD": "UM3"
  },
  {
    "title": "۶ جی بی ماه وار",
    "price": "۵۴۰ افغانی",
    "info": "۶جی بی انترنت برای ۳۰ روز به قیمت ۵۴۰ افغانی. برای فعال سازی 5 و برای غیرفعال سازی U5 را به ۵۵۵ ارسال نمایید.",
    "buttonA": "5",
    "buttonD": "U5"
  },
  {
    "title": "۱۰.۵ جی بی ماه وار",
    "price": "۶۰۰ افغانی",
    "info": "۱۰.۵جی بی انترنت برای ۳۰ روز به قیمت ۵۴۰ افغانی. برای فعال سازی R10 و برای غیرفعال سازی UR10 را به ۵۵۵ ارسال نمایید.",
    "buttonA": "R10",
    "buttonD": "UR10"
  },
  {
    "title": "۱۶ جی بی ماه وار",
    "price": "۹۰۰ افغانی",
    "info": "۱۶جی بی انترنت برای ۳۰ روز به قیمت ۹۰۰ افغانی. برای فعال سازی SM9 و برای غیرفعال سازی USM9 را به ۵۵۵ ارسال نمایید.",
    "buttonA": "SM9",
    "buttonD": "USM9"
  },
  {
    "title": "۲۰ جی بی ماه وار",
    "price": "۹۹۹ افغانی",
    "info": "۲۰جی بی انترنت برای ۳۰ روز به قیمت ۹۹۹ افغانی. برای فعال سازی R20 و برای غیرفعال سازی UR20 را به ۵۵۵ ارسال نمایید.",
    "buttonA": "R20",
    "buttonD": "UR20"
  },
  {
    "title": "۴۰ جی بی ماه وار",
    "price": "۱۹۹۹ افغانی",
    "info": "۴۰جی بی انترنت برای ۳۰ روز به قیمت ۱۹۹۹ افغانی. برای فعال سازی 40GB و برای غیرفعال سازی U40GB را به ۵۵۵ ارسال نمایید.",
    "buttonA": "40GB",
    "buttonD": "U40GB"
  }
]