[
  {
    "title": "۱ جی بی شبانه",
    "price": "۲۵ افغانی",
    "info": "۱ جی بی انترنت برای ۱ شب به قیمت ۲۵ افغانی. از ۱۱ شب تا ۷ صبح قابل استفاده میباشد. برای فعال سازی دکمه سبز و برای غیرفعال سازی دکمه سرخ را فشار دهید. برای فعال سازی *477*25*1# را دایل نمایید.",
    "buttonA": "*477*25*1#",
    "buttonD": "*477*25*2#"
  },
  {
    "title": "۳ جی بی شبانه",
    "price": "۷۵ افغانی",
    "info": "۳ جی بی انترنت برای ۷ شب به قیمت ۷۵ افغانی. از ۱۱ شب تا ۷ صبح قابل استفاده میباشد. برای فعال سازی دکمه سبز و برای غیرفعال سازی دکمه سرخ را فشار دهید. برای فعال سازی *477*75*1# را دایل نمایید.",
    "buttonA": "*477*75*1#",
    "buttonD": "*477*75*2#"
  },
  {
    "title": "۷ جی بی شبانه",
    "price": "۱۹۹ افغانی",
    "info": "۷ جی بی انترنت برای ۳۰ شب به قیمت ۱۹۹ افغانی. از ۱۱ شب تا ۷ صبح قابل استفاده میباشد. برای فعال سازی دکمه سبز و برای غیرفعال سازی دکمه سرخ را فشار دهید. برای فعال سازی *477*199*1# را دایل نمایید.",
    "buttonA": "*477*199*1#",
    "buttonD": "*477*199*2#"
  }
]