[{"buttonD":"این بسته کود غیرفعال سازی ندارد!","price":"۴۵۰ افغانی ","title":"بسته مخلوط ","buttonA":"D16","info":"۱۰۰۰ دقیقه تماس ۱۰۰۰ پیام و همراه با ۴ جی بی انترنت برای ۳۰ روز به قیمت ۴۵۰ افغانی. \r\nبرای فعال سازی روی دکمه سبز و برای غیرفعال سازی روی دکمه سرخ فشار دهید. \nبرای فعال سازی D16 را به 555 ارسال نمایید"}]