[{"buttonD":"D 45","price":"۴۵ افغانی ","title":"بسته میکس هفته وار","buttonA":"A 45","info":"۱۲۰ دقیقه ۱۲۰ پیام ۲۰۰ ام بی انترنت  برای ۷ روز به قیمت ۴۵ افغانی. \r\nبرای فعال سازی روی دکمه سبز و برای غیرفعال سازی روی دکمه سرخ فشار دهید. \nبرای فعال سازی A 45 و برای غیر فعال سازی D 45 را به 740 ارسال نمایید"},{"buttonD":"D ST","price":"۲۷۰ افغانی ","title":"بسته میکس هفته وار","buttonA":"A ST","info":"۱۰۰۰ دقیقه سلام به سلام ۲۰۰ دقیقه به تمام شبکه های افغانستان  برای ۷ روز به قیمت ۲۷۰ افغانی. \r\nبرای فعال سازی روی دکمه سبز و برای غیرفعال سازی روی دکمه سرخ فشار دهید. \nبرای فعال سازی A ST و برای غیر فعال سازی D ST را به 740 ارسال نمایید"},{"buttonD":"D 85","price":"۸۵ افغانی ","title":"بسته میکس هفته وار","buttonA":"A 85","info":"۲۰۰ دقیقه سلام به سلام ۲۰۰ پیام به سلام و ۴۰ دقیقه به تمام شبکه های افغانستان  برای ۷ روز به قیمت ۸۵ افغانی. \r\nبرای فعال سازی روی دکمه سبز و برای غیرفعال سازی روی دکمه سرخ فشار دهید. \nبرای فعال سازی A 85 و برای غیر فعال سازی D 85 را به 740 ارسال نمایید"}]