[
{
  "title": "512 MB هفته وار",
  "price": "۵۵ افغانی",
  "info": "512 MB انترنت برای ۷ روز به قیمت ۵۵ افغانی. برای فعال سازی دکمه سبز و برای غیرفعال سازی دکمه سرخ را فشار دهید. برای فعال سازی *477*55*1# را دایل نمایید.",
  "buttonA": "*477*55*1#",
  "buttonD": "*477*55*2#"
},
{
    "title": "۱ جی بی هفته وار",
    "price": "۱۱۰ افغانی",
    "info": "۱ جی بی انترنت برای ۷ روز به قیمت ۱۱۰ افغانی. برای فعال سازی دکمه سبز و برای غیرفعال سازی دکمه سرخ را فشار دهید. برای فعال سازی *477*3*1# را دایل نمایید.",
    "buttonA": "*477*3*1#",
    "buttonD": "*477*3*2#"
  },
  {
    "title": "۱.۵ جی بی هفته وار",
    "price": "۱۴۰ افغانی",
    "info": "۱.۵ جی بی انترنت برای ۷ روز به قیمت ۱۴۰ افغانی. برای فعال سازی دکمه سبز و برای غیرفعال سازی دکمه سرخ را فشار دهید. برای فعال سازی *477*140*1# را دایل نمایید.",
    "buttonA": "*477*140*1#",
    "buttonD": "*477*140*2#"
  },
  {
    "title": "۲.۵ جی بی هفته وار",
    "price": "۲۱۰ افغانی",
    "info": "۱.۵ جی بی انترنت برای ۷ روز به قیمت ۲۱۰ افغانی. برای فعال سازی دکمه سبز و برای غیرفعال سازی دکمه سرخ را فشار دهید. برای فعال سازی *477*210*1# را دایل نمایید.",
    "buttonA": "*477*210*1#",
    "buttonD": "*477*210*2#"
  }
]