[{"buttonD":"D OW","price":"۴۰ افغانی ","title":"۳۰ دقیقه هفته وار","buttonA":"A OW","info":"  ۳۰ دقیقه به تمام شبکه های افغانستان برای ۷ روز به قیمت ۴۰ افغانی. \r\nبرای فعال سازی روی دکمه سبز و برای غیرفعال سازی روی دکمه سرخ فشار دهید. \nبرای فعال سازی A OW و برای غیر فعال سازی D OW را به 740 ارسال نمایید"},{"buttonD":"D 89","price":"۸۹ افغانی ","title":"۵۰۰ دقیقه هفته وار","buttonA":"A 89","info":"  ۵۰۰ دقیقه  برای ۷ روز به قیمت ۸۹ افغانی. \r\nبرای فعال سازی روی دکمه سبز و برای غیرفعال سازی روی دکمه سرخ فشار دهید. \nبرای فعال سازی A 89 و برای غیر فعال سازی D 89 را به 740 ارسال نمایید"}]