[
  {
    "title": "۵۰۰ ام بی هفته وار",
    "price": "۵۰ افغانی",
    "info": "۵۰۰ ام بی انترنت برای ۷ روز به قیمت ۵۰ افغانی. برای فعال سازی 300 و برای غیر فعال سازی PU300 را به ۳۳۷۸ ارسال کنید",
    "buttonA": "300",
    "buttonD": "PU300"
  },
  {
    "title": "۱.۵ جی بی هفته وار",
    "price": "۱۴۹ افغانی",
    "info": "1.5 جی بی انترنت برای ۷ روز به قیمت ۱۴۹ افغانی. برای فعال سازی 149 و برای غیر فعال سازی PU149 را به ۳۳۷۸ ارسال کنید",
    "buttonA": "149",
    "buttonD": "PU149"
  }
]