[{"buttonD":"PUBDS","price":"۱۰ افغانی","title":"۲۰۰ پیام هفته وار ","buttonA":"BDS","info":"۲۰۰ پیام برای ۷ روز به قیمت ۱۰ افغانی. برای فعال سازی BDS و برای غیر فعال سازی PUBDS را به ۳۳۷۸ ارسال نمایید."},{"buttonD":"PUBWS","price":"۳۰ افغانی","title":"۲۰۰۰ پیام هفته وار ","buttonA":"BWS","info":"۲۰۰۰ پیام برای ۷ روز به قیمت ۳۰ افغانی. برای فعال سازی BWS و برای غیر فعال سازی PUBWS را به ۳۳۷۸ ارسال نمایید."}]