[
  {
    "title": "۷۰۰ ام بی هفته وار",
    "price": "۷۵ افغانی",
    "info": "۷۰۰ ام بی انترنت برای ۷ روز به قیمت ۷۵ افغانی. برای فعال سازی W512 و برای غیرفعال سازی UW512 را به ۵۵۵ ارسال نمایید.",
    "buttonA": "W512",
    "buttonD": "UW512"
  },
  {
    "title": "۳ جی بی هفته وار",
    "price": "۱۹۹ افغانی",
    "info": "۳جی بی انترنت برای ۷ روز به قیمت ۱۹۹ افغانی. برای فعال سازی W3 و برای غیرفعال سازی UW3 را به ۵۵۵ ارسال نمایید.",
    "buttonA": "W3",
    "buttonD": "UW3"
  },
  {
    "title": "۷ جی بی هفته وار",
    "price": "۳۹۹ افغانی",
    "info": "۷جی بی انترنت برای ۷ روز به قیمت ۳۹۹ افغانی. برای فعال سازی W7 و برای غیرفعال سازی UW7 را به ۵۵۵ ارسال نمایید.",
    "buttonA": "W7",
    "buttonD": "UW7"
  }
]